{
  "cagr": 0.38463019977908464,
  "ann_vol": 0.2874494428771423,
  "sharpe": 1.2767328879415807,
  "sortino": 2.0443169912147314,
  "max_drawdown": -0.5976803662401671,
  "calmar": 0.6435382881968854,
  "win_rate": 0.45875634517766495,
  "avg_daily_return": 0.0014563339577857133,
  "days": 7880
}