{
  "cagr": 0.383629893600703,
  "ann_vol": 0.29697236590268183,
  "sharpe": 1.241604517273102,
  "sortino": 2.0623718828994564,
  "max_drawdown": -0.5864960169522396,
  "calmar": 0.6541048575133687,
  "win_rate": 0.456444218033622,
  "avg_daily_return": 0.0014631834564673022,
  "days": 7852
}