{
  "cagr": 0.3445547310419861,
  "ann_vol": 0.3012486307215478,
  "sharpe": 1.133160767523452,
  "sortino": 1.861735581597085,
  "max_drawdown": -0.5864960169522395,
  "calmar": 0.5874800869620304,
  "win_rate": 0.45093547155402824,
  "avg_daily_return": 0.0013546155937373269,
  "days": 7857
}