{
  "cagr": 0.3852863438209906,
  "ann_vol": 0.28810611486056764,
  "sharpe": 1.2761933386241788,
  "sortino": 2.03507743531564,
  "max_drawdown": -0.5889458649028938,
  "calmar": 0.6541965344888144,
  "win_rate": 0.4636779273558547,
  "avg_daily_return": 0.0014590440659611424,
  "days": 7874
}