{
  "cagr": 0.3563701658710845,
  "ann_vol": 0.2975259901195497,
  "sharpe": 1.1732650253018337,
  "sortino": 1.9268344013327552,
  "max_drawdown": -0.5864960169522397,
  "calmar": 0.607625892709353,
  "win_rate": 0.4499808844144259,
  "avg_daily_return": 0.0013852255489848874,
  "days": 7847
}