{
  "cagr": 0.3711135195974351,
  "ann_vol": 0.28601743012720715,
  "sharpe": 1.247291776117762,
  "sortino": 1.9997028086525692,
  "max_drawdown": -0.5921417982564768,
  "calmar": 0.6267308281397375,
  "win_rate": 0.45976136075145974,
  "avg_daily_return": 0.0014156634462055642,
  "days": 7878
}