{
  "cagr": 0.4025180052667041,
  "ann_vol": 0.2882067448765065,
  "sharpe": 1.318676765737127,
  "sortino": 2.113573544406373,
  "max_drawdown": -0.5814907702359804,
  "calmar": 0.692217359019051,
  "win_rate": 0.4657186389029964,
  "avg_daily_return": 0.001508141024675834,
  "days": 7876
}