{
  "cagr": 0.4117000264448578,
  "ann_vol": 0.30576863709277097,
  "sharpe": 1.28012160052189,
  "sortino": 2.128322376657866,
  "max_drawdown": -0.5951494546939639,
  "calmar": 0.6917590584982743,
  "win_rate": 0.45321637426900585,
  "avg_daily_return": 0.0015532580838290325,
  "days": 7866
}