{
  "cagr": 0.3607307322402791,
  "ann_vol": 0.28750644775446826,
  "sharpe": 1.2158834500430773,
  "sortino": 1.9441136866768363,
  "max_drawdown": -0.5921417982564771,
  "calmar": 0.6091965358676371,
  "win_rate": 0.45994668020820106,
  "avg_daily_return": 0.0013871997286691831,
  "days": 7877
}