{
  "cagr": 0.4080043155821036,
  "ann_vol": 0.28769575009131276,
  "sharpe": 1.3340466674024447,
  "sortino": 2.1447963942315544,
  "max_drawdown": -0.5797021900816508,
  "calmar": 0.7038171022342289,
  "win_rate": 0.4641178712053855,
  "avg_daily_return": 0.0015230141137156335,
  "days": 7873
}