{
  "cagr": 0.36404135213451005,
  "ann_vol": 0.28711963854212463,
  "sharpe": 1.2256735283373867,
  "sortino": 1.9591068710893749,
  "max_drawdown": -0.5815017120168113,
  "calmar": 0.6260365956136438,
  "win_rate": 0.45589541820027923,
  "avg_daily_return": 0.0013964878589140394,
  "days": 7879
}