{
  "cagr": 0.3714398887241017,
  "ann_vol": 0.2978930420064436,
  "sharpe": 1.209328879749902,
  "sortino": 1.987177895213115,
  "max_drawdown": -0.5864960169522397,
  "calmar": 0.6333203943213638,
  "win_rate": 0.4508530685001273,
  "avg_daily_return": 0.001429566106325954,
  "days": 7854
}