{
  "cagr": 0.36855796683116826,
  "ann_vol": 0.2866839416526754,
  "sharpe": 1.238615154161165,
  "sortino": 1.9836409447403243,
  "max_drawdown": -0.5839554511600713,
  "calmar": 0.6311405537853961,
  "win_rate": 0.45646103071845645,
  "avg_daily_return": 0.0014090915658941322,
  "days": 7878
}