{
  "cagr": 0.3746231176924988,
  "ann_vol": 0.2974561423963105,
  "sharpe": 1.2184533529382842,
  "sortino": 2.0036775235990523,
  "max_drawdown": -0.5864960169522397,
  "calmar": 0.638747931553311,
  "win_rate": 0.45306330403770223,
  "avg_daily_return": 0.0014382398177548194,
  "days": 7851
}