{
  "cagr": 0.37214549179433654,
  "ann_vol": 0.287645718721182,
  "sharpe": 1.2445399105214663,
  "sortino": 1.991487798468725,
  "max_drawdown": -0.5891605841401596,
  "calmar": 0.6316537491004391,
  "win_rate": 0.4583915639690001,
  "avg_daily_return": 0.0014205816549956313,
  "days": 7871
}