{
  "cagr": 0.3869965168284075,
  "ann_vol": 0.3022306257010794,
  "sharpe": 1.2330709125290287,
  "sortino": 2.0497868475495578,
  "max_drawdown": -0.5866614185454586,
  "calmar": 0.6596590547711642,
  "win_rate": 0.4522625876354366,
  "avg_daily_return": 0.0014788563232024745,
  "days": 7845
}