{
  "cagr": 0.3920085133190758,
  "ann_vol": 0.289056563868547,
  "sharpe": 1.289559245782351,
  "sortino": 2.072479134068492,
  "max_drawdown": -0.5921417982564773,
  "calmar": 0.6620179735214086,
  "win_rate": 0.46268088347296266,
  "avg_daily_return": 0.0014791887480604465,
  "days": 7878
}