{
  "cagr": 0.3926277462355985,
  "ann_vol": 0.286993553985059,
  "sharpe": 1.2983034057071001,
  "sortino": 2.0842219278468614,
  "max_drawdown": -0.5796180968823874,
  "calmar": 0.6773904202567853,
  "win_rate": 0.46140172676485525,
  "avg_daily_return": 0.0014785901133944302,
  "days": 7876
}