{
  "cagr": 0.37157805200699445,
  "ann_vol": 0.30272818095873494,
  "sharpe": 1.1949508546813088,
  "sortino": 1.9652266257716489,
  "max_drawdown": -0.5902240854423484,
  "calmar": 0.6295542001280957,
  "win_rate": 0.45265970984983456,
  "avg_daily_return": 0.001435497216633839,
  "days": 7858
}