{
  "cagr": 0.38993798559639803,
  "ann_vol": 0.2886136756304099,
  "sharpe": 1.285963772408882,
  "sortino": 2.0637418259869134,
  "max_drawdown": -0.5796180968823873,
  "calmar": 0.6727498463104784,
  "win_rate": 0.4613333333333333,
  "avg_daily_return": 0.0014728044885035292,
  "days": 7875
}