{
  "cagr": 0.32355605450126235,
  "ann_vol": 0.2858358912678714,
  "sharpe": 1.1247115078708876,
  "sortino": 1.7772419216140058,
  "max_drawdown": -0.5903836850978428,
  "calmar": 0.5480436920401014,
  "win_rate": 0.4566959175887066,
  "avg_daily_return": 0.0012757258582911147,
  "days": 7863
}