{
  "cagr": 0.3604642649043337,
  "ann_vol": 0.28715222317900335,
  "sharpe": 1.2163438995502582,
  "sortino": 1.9444479178576577,
  "max_drawdown": -0.5815017120168109,
  "calmar": 0.6198851309554062,
  "win_rate": 0.4605714285714286,
  "avg_daily_return": 0.0013860152973229516,
  "days": 7875
}