{
  "cagr": 0.36800641299031756,
  "ann_vol": 0.2878046748502222,
  "sharpe": 1.2335053266204332,
  "sortino": 1.9735150940560993,
  "max_drawdown": -0.5891605841401593,
  "calmar": 0.6246283660122961,
  "win_rate": 0.457375174691907,
  "avg_daily_return": 0.0014087642836253659,
  "days": 7871
}