{
  "cagr": 0.3699850632271422,
  "ann_vol": 0.2978913383074809,
  "sharpe": 1.20654819592578,
  "sortino": 1.9567055098096917,
  "max_drawdown": -0.5858587946791015,
  "calmar": 0.6315260035138637,
  "win_rate": 0.45325022261798753,
  "avg_daily_return": 0.001426270860460161,
  "days": 7861
}