{
  "cagr": 0.42290597698534205,
  "ann_vol": 0.3102126113417122,
  "sharpe": 1.2910270533091575,
  "sortino": 2.1801982815529355,
  "max_drawdown": -0.6061606642970474,
  "calmar": 0.6976796778388413,
  "win_rate": 0.4562698917886696,
  "avg_daily_return": 0.0015892574346838251,
  "days": 7855
}