{
  "cagr": 0.3923032311140544,
  "ann_vol": 0.2881116019425323,
  "sharpe": 1.2935899005013343,
  "sortino": 2.081489823975481,
  "max_drawdown": -0.5891605841401594,
  "calmar": 0.6658680870285897,
  "win_rate": 0.46134315094579154,
  "avg_daily_return": 0.001478961343296252,
  "days": 7877
}