{
  "cagr": 0.3919485001063556,
  "ann_vol": 0.2990709554352975,
  "sharpe": 1.2562452990021145,
  "sortino": 2.039552612395442,
  "max_drawdown": -0.5900599781477713,
  "calmar": 0.6642519652607217,
  "win_rate": 0.4505732484076433,
  "avg_daily_return": 0.001490898737514308,
  "days": 7850
}