{
  "cagr": 0.3424055613085695,
  "ann_vol": 0.30184235556840266,
  "sharpe": 1.1264846249039138,
  "sortino": 1.8428381405578844,
  "max_drawdown": -0.5864960169522397,
  "calmar": 0.5838156635536924,
  "win_rate": 0.44823200203510555,
  "avg_daily_return": 0.0013492887805970958,
  "days": 7862
}