{
  "cagr": 0.37692427288978947,
  "ann_vol": 0.2882705367544109,
  "sharpe": 1.254501437714983,
  "sortino": 2.0089698934716362,
  "max_drawdown": -0.5796180968823872,
  "calmar": 0.6502976268635601,
  "win_rate": 0.462925342813611,
  "avg_daily_return": 0.0014350627096396543,
  "days": 7876
}