{
  "cagr": 0.3880034405199526,
  "ann_vol": 0.28774308701031415,
  "sharpe": 1.284239540727549,
  "sortino": 2.0501269543390586,
  "max_drawdown": -0.6019657677418284,
  "calmar": 0.6445606400102802,
  "win_rate": 0.4641360924209724,
  "avg_daily_return": 0.001466393055277935,
  "days": 7877
}