{
  "cagr": 0.3914449653795793,
  "ann_vol": 0.2886819217770568,
  "sharpe": 1.289409475492489,
  "sortino": 2.0740132532082325,
  "max_drawdown": -0.6088002991193471,
  "calmar": 0.6429776167091563,
  "win_rate": 0.45950748921045953,
  "avg_daily_return": 0.001477100021282489,
  "days": 7878
}