{
  "cagr": 0.3508513406987286,
  "ann_vol": 0.30056473900972336,
  "sharpe": 1.1506075256758344,
  "sortino": 1.8987880432967257,
  "max_drawdown": -0.5864960169522395,
  "calmar": 0.5982160672155079,
  "win_rate": 0.45143220878421386,
  "avg_daily_return": 0.0013723494074430395,
  "days": 7855
}