{
  "cagr": 0.3716535938125436,
  "ann_vol": 0.2882298340538392,
  "sharpe": 1.2413047062702873,
  "sortino": 1.9865464223082003,
  "max_drawdown": -0.592141798256477,
  "calmar": 0.6276428972027536,
  "win_rate": 0.4614505271179982,
  "avg_daily_return": 0.0014197660695168235,
  "days": 7873
}