{
  "cagr": 0.327900333397368,
  "ann_vol": 0.29909653518743184,
  "sharpe": 1.097440317194356,
  "sortino": 1.806966736952815,
  "max_drawdown": -0.5864960169522396,
  "calmar": 0.5590836491973483,
  "win_rate": 0.44938240162995036,
  "avg_daily_return": 0.0013025420494652755,
  "days": 7853
}