{
  "cagr": 0.3678458951387744,
  "ann_vol": 0.28659892330369013,
  "sharpe": 1.2369930536855442,
  "sortino": 1.9831409942263392,
  "max_drawdown": -0.586936815839717,
  "calmar": 0.626721454868197,
  "win_rate": 0.4610793650793651,
  "avg_daily_return": 0.0014068288783335606,
  "days": 7875
}