{
  "cagr": 0.410131703377566,
  "ann_vol": 0.2881875438920504,
  "sharpe": 1.3375374375923779,
  "sortino": 2.1468287360300677,
  "max_drawdown": -0.5858068495807924,
  "calmar": 0.7001142162660938,
  "win_rate": 0.46534653465346537,
  "avg_daily_return": 0.0015296096389866933,
  "days": 7878
}