{
  "cagr": 0.38262791789623085,
  "ann_vol": 0.30018346181354627,
  "sharpe": 1.2293345781042841,
  "sortino": 2.0203475978187546,
  "max_drawdown": -0.6041079785886906,
  "calmar": 0.6333766999570529,
  "win_rate": 0.4546495356824831,
  "avg_daily_return": 0.0014643885293728351,
  "days": 7861
}