{
  "cagr": 0.3851684744964039,
  "ann_vol": 0.3142235774304414,
  "sharpe": 1.1931402397327293,
  "sortino": 1.9958537061841344,
  "max_drawdown": -0.5864960169522397,
  "calmar": 0.6567282016644443,
  "win_rate": 0.44942104593459725,
  "avg_daily_return": 0.001487749184618941,
  "days": 7859
}