{
  "cagr": 0.3765838495763578,
  "ann_vol": 0.2897727016075636,
  "sharpe": 1.2486602123209678,
  "sortino": 1.9963760443538077,
  "max_drawdown": -0.590383685097843,
  "calmar": 0.6378629001476344,
  "win_rate": 0.46025901472828845,
  "avg_daily_return": 0.0014358239806902483,
  "days": 7876
}