{
  "cagr": 0.35407320011062926,
  "ann_vol": 0.28747457811726,
  "sharpe": 1.1993950119250538,
  "sortino": 1.8912280772964987,
  "max_drawdown": -0.5795108665247816,
  "calmar": 0.6109862999359099,
  "win_rate": 0.4637404580152672,
  "avg_daily_return": 0.0013682364090005581,
  "days": 7860
}