{
  "cagr": 0.3765206603599356,
  "ann_vol": 0.28685428138289226,
  "sharpe": 1.2582619387272078,
  "sortino": 2.0162185333533627,
  "max_drawdown": -0.5976803662401673,
  "calmar": 0.6299699331408812,
  "win_rate": 0.46033760629521514,
  "avg_daily_return": 0.0014322929533532233,
  "days": 7879
}