{
  "cagr": 0.3783034437387589,
  "ann_vol": 0.29632588636825724,
  "sharpe": 1.2320102305955292,
  "sortino": 1.9921574305741203,
  "max_drawdown": -0.5858587946791018,
  "calmar": 0.6457246134641893,
  "win_rate": 0.45337743289657806,
  "avg_daily_return": 0.001448716363553725,
  "days": 7861
}