{
  "cagr": 0.35186535056956214,
  "ann_vol": 0.29831847703627645,
  "sharpe": 1.1598046484114428,
  "sortino": 1.902954428340602,
  "max_drawdown": -0.5864960169522397,
  "calmar": 0.5999449960428558,
  "win_rate": 0.44990451941438575,
  "avg_daily_return": 0.0013729807793337579,
  "days": 7855
}