{
  "cagr": 0.38297145426767387,
  "ann_vol": 0.28706576856217464,
  "sharpe": 1.2737732993753763,
  "sortino": 2.0500572365360226,
  "max_drawdown": -0.5908105669673778,
  "calmar": 0.6482136164785625,
  "win_rate": 0.4617826307770442,
  "avg_daily_return": 0.001451018695156309,
  "days": 7876
}