{
  "cagr": 0.3932513267544404,
  "ann_vol": 0.2872750358526822,
  "sharpe": 1.298904741340839,
  "sortino": 2.0860046562618297,
  "max_drawdown": -0.5796180968823874,
  "calmar": 0.6784662674779055,
  "win_rate": 0.46134315094579154,
  "avg_daily_return": 0.0014807258180893961,
  "days": 7877
}