{
  "cagr": 0.3615379482740688,
  "ann_vol": 0.3019392003982517,
  "sharpe": 1.1728671673813422,
  "sortino": 1.9360405925674575,
  "max_drawdown": -0.5864960169522395,
  "calmar": 0.6164371757421673,
  "win_rate": 0.4527413815036255,
  "avg_daily_return": 0.001405295931393268,
  "days": 7861
}