{
  "cagr": 0.3719907223914125,
  "ann_vol": 0.28738073125252817,
  "sharpe": 1.2450064304810708,
  "sortino": 1.988339925518162,
  "max_drawdown": -0.5796180968823872,
  "calmar": 0.6417859007374899,
  "win_rate": 0.4617826307770442,
  "avg_daily_return": 0.0014198049937520388,
  "days": 7876
}