{
  "cagr": 0.33073296753000503,
  "ann_vol": 0.30212427241420997,
  "sharpe": 1.096591996544577,
  "sortino": 1.7962428162528443,
  "max_drawdown": -0.5864960169522395,
  "calmar": 0.5639134077136244,
  "win_rate": 0.4507257448433919,
  "avg_daily_return": 0.001314710552018587,
  "days": 7854
}