{
  "cagr": 0.35539981419908395,
  "ann_vol": 0.2864855905177879,
  "sharpe": 1.2055112623111122,
  "sortino": 1.9249686232548018,
  "max_drawdown": -0.5887748786645526,
  "calmar": 0.6036259818102204,
  "win_rate": 0.45714285714285713,
  "avg_daily_return": 0.0013704825630086496,
  "days": 7875
}