{
  "cagr": 0.4027273642363909,
  "ann_vol": 0.287915327663654,
  "sharpe": 1.320130512694829,
  "sortino": 2.127223910623938,
  "max_drawdown": -0.5796180968823873,
  "calmar": 0.6948150280375217,
  "win_rate": 0.4636282848800305,
  "avg_daily_return": 0.0015082770204058555,
  "days": 7877
}