{
  "cagr": 0.3689660320266748,
  "ann_vol": 0.2862392601709038,
  "sharpe": 1.241092546391376,
  "sortino": 1.9880153260984261,
  "max_drawdown": -0.5815017120168109,
  "calmar": 0.6345054956880474,
  "win_rate": 0.46078680203045685,
  "avg_daily_return": 0.0014097198900888581,
  "days": 7880
}