{
  "cagr": 0.4162153845929397,
  "ann_vol": 0.3083832769237647,
  "sharpe": 1.2816178836150336,
  "sortino": 2.157959987311286,
  "max_drawdown": -0.6056132116444773,
  "calmar": 0.6872627224606804,
  "win_rate": 0.45574939513561696,
  "avg_daily_return": 0.0015683711219589252,
  "days": 7853
}