{
  "cagr": 0.3745717196088858,
  "ann_vol": 0.2861690796244007,
  "sharpe": 1.2556613739342446,
  "sortino": 2.0098722620144502,
  "max_drawdown": -0.581501712016811,
  "calmar": 0.6441455147393566,
  "win_rate": 0.45748730964467005,
  "avg_daily_return": 0.00142591849094685,
  "days": 7880
}