{
  "cagr": 0.36738083696098034,
  "ann_vol": 0.28733888065324686,
  "sharpe": 1.2333499644311583,
  "sortino": 1.9784953892907455,
  "max_drawdown": -0.5815017120168111,
  "calmar": 0.6317794588889524,
  "win_rate": 0.46089385474860334,
  "avg_daily_return": 0.0014063071359244031,
  "days": 7876
}