{
  "cagr": 0.37354966902899767,
  "ann_vol": 0.286760769350899,
  "sharpe": 1.250979221905478,
  "sortino": 2.010122012637266,
  "max_drawdown": -0.581501712016811,
  "calmar": 0.6423879092864966,
  "win_rate": 0.4604060913705584,
  "avg_daily_return": 0.001423538746569296,
  "days": 7880
}