{
  "cagr": 0.3969466059855711,
  "ann_vol": 0.2870606184950167,
  "sharpe": 1.3088620332072436,
  "sortino": 2.104366187162021,
  "max_drawdown": -0.5796180968823871,
  "calmar": 0.6848416364510395,
  "win_rate": 0.46356018283392586,
  "avg_daily_return": 0.0014909632730075156,
  "days": 7876
}