{
  "cagr": 0.3707340529859773,
  "ann_vol": 0.2869697177328934,
  "sharpe": 1.243199368012213,
  "sortino": 1.989152910308941,
  "max_drawdown": -0.5871847685525,
  "calmar": 0.6313754593803468,
  "win_rate": 0.45868765071709605,
  "avg_daily_return": 0.001415716554539331,
  "days": 7879
}