{
  "cagr": 0.33099103931137464,
  "ann_vol": 0.29703059967140777,
  "sharpe": 1.1119382180350161,
  "sortino": 1.7936627005521597,
  "max_drawdown": -0.5900599781477717,
  "calmar": 0.5609447370932907,
  "win_rate": 0.4496242516876831,
  "avg_daily_return": 0.001310633633802178,
  "days": 7851
}