{
  "cagr": 0.3649264526638565,
  "ann_vol": 0.29688083609196175,
  "sharpe": 1.197113534646421,
  "sortino": 1.9433752792346715,
  "max_drawdown": -0.5900599781477713,
  "calmar": 0.618456540315409,
  "win_rate": 0.4525900470917653,
  "avg_daily_return": 0.0014103177265152246,
  "days": 7857
}