{
  "cagr": 0.396524348332679,
  "ann_vol": 0.2879877132793485,
  "sharpe": 1.3045056288490415,
  "sortino": 2.099161920614394,
  "max_drawdown": -0.5893976089289061,
  "calmar": 0.6727620579480639,
  "win_rate": 0.4609722045944917,
  "avg_daily_return": 0.0014907999723531046,
  "days": 7879
}