{
  "cagr": 0.3632460774834414,
  "ann_vol": 0.28687189701852717,
  "sharpe": 1.2244486675235842,
  "sortino": 1.955562413147859,
  "max_drawdown": -0.5815017120168111,
  "calmar": 0.6246689734129967,
  "win_rate": 0.45614925751998986,
  "avg_daily_return": 0.0013938885399751425,
  "days": 7879
}