{
  "cagr": 0.3462608894474828,
  "ann_vol": 0.2984754780163817,
  "sharpe": 1.1451619690633024,
  "sortino": 1.8855855604800407,
  "max_drawdown": -0.5864960169522397,
  "calmar": 0.59038915770792,
  "win_rate": 0.4534469600610532,
  "avg_daily_return": 0.0013563601830973368,
  "days": 7862
}