{
  "cagr": 0.3834905849605903,
  "ann_vol": 0.2871876975321384,
  "sharpe": 1.274757253141607,
  "sortino": 2.04049621760145,
  "max_drawdown": -0.5869368158397172,
  "calmar": 0.6533762657432538,
  "win_rate": 0.4621827411167513,
  "avg_daily_return": 0.0014527563510411407,
  "days": 7880
}