{
  "cagr": 0.3672275143211994,
  "ann_vol": 0.3006858050923669,
  "sharpe": 1.190449989746533,
  "sortino": 1.957311153400428,
  "max_drawdown": -0.6048166009335588,
  "calmar": 0.6071716843657546,
  "win_rate": 0.45114503816793894,
  "avg_daily_return": 0.0014204421174921983,
  "days": 7860
}