{
  "cagr": 0.36871214460069623,
  "ann_vol": 0.30505647521842744,
  "sharpe": 1.1810290174937446,
  "sortino": 1.9486753018261687,
  "max_drawdown": -0.5864960169522397,
  "calmar": 0.6286694776150912,
  "win_rate": 0.45352828989192623,
  "avg_daily_return": 0.001429684719151081,
  "days": 7865
}