{
  "cagr": 0.3688854649825377,
  "ann_vol": 0.2865042677055797,
  "sharpe": 1.2399775075453146,
  "sortino": 1.986014787151763,
  "max_drawdown": -0.592141798256477,
  "calmar": 0.6229681236296728,
  "win_rate": 0.4610793650793651,
  "avg_daily_return": 0.001409757332501366,
  "days": 7875
}