{
  "cagr": 0.37089850195992624,
  "ann_vol": 0.2979310295643897,
  "sharpe": 1.2078734856713598,
  "sortino": 1.9842918161646537,
  "max_drawdown": -0.5864960169522397,
  "calmar": 0.6323973074656527,
  "win_rate": 0.4531787488852083,
  "avg_daily_return": 0.001428027742812582,
  "days": 7849
}