{
  "cagr": 0.35443931786511396,
  "ann_vol": 0.297789039587918,
  "sharpe": 1.1687707317565432,
  "sortino": 1.8791619517144384,
  "max_drawdown": -0.6079467463862955,
  "calmar": 0.5830104692095838,
  "win_rate": 0.45332993760346363,
  "avg_daily_return": 0.0013811393401857253,
  "days": 7853
}