{
  "cagr": 0.36472069609312463,
  "ann_vol": 0.3026119502023011,
  "sharpe": 1.1787442012152727,
  "sortino": 1.9345424551748072,
  "max_drawdown": -0.5864960169522396,
  "calmar": 0.6218638925945598,
  "win_rate": 0.45080819651266385,
  "avg_daily_return": 0.0014154844505480922,
  "days": 7857
}