{
  "cagr": 0.3581519990750779,
  "ann_vol": 0.2870246606924048,
  "sharpe": 1.2108439495969732,
  "sortino": 1.9358432828761218,
  "max_drawdown": -0.5887748786645526,
  "calmar": 0.6083004082773217,
  "win_rate": 0.45732791465582934,
  "avg_daily_return": 0.0013791352135069208,
  "days": 7874
}