{
  "cagr": 0.3640616891028625,
  "ann_vol": 0.3011482613324882,
  "sharpe": 1.1813721840395346,
  "sortino": 1.9413366590972532,
  "max_drawdown": -0.5866614185454586,
  "calmar": 0.6205652487008612,
  "win_rate": 0.45223254038926347,
  "avg_daily_return": 0.0014117784890032687,
  "days": 7861
}