{
  "cagr": 0.40528612352907434,
  "ann_vol": 0.28844686273803793,
  "sharpe": 1.3246351859044851,
  "sortino": 2.129059872663954,
  "max_drawdown": -0.5869368158397175,
  "calmar": 0.6905106522398675,
  "win_rate": 0.4600050787201625,
  "avg_daily_return": 0.0015162177129666439,
  "days": 7876
}