{
  "cagr": 0.380414500176375,
  "ann_vol": 0.2877932164687895,
  "sharpe": 1.26484927745353,
  "sortino": 2.033383387168121,
  "max_drawdown": -0.5870194450023818,
  "calmar": 0.6480441208805809,
  "win_rate": 0.4634332148298629,
  "avg_daily_return": 0.0014445041346295817,
  "days": 7876
}