{
  "cagr": 0.3994339394560036,
  "ann_vol": 0.28885056110047475,
  "sharpe": 1.3086580759391095,
  "sortino": 2.110465934555238,
  "max_drawdown": -0.5870194450023819,
  "calmar": 0.6804441366578289,
  "win_rate": 0.4632380952380952,
  "avg_daily_return": 0.0015000262680335463,
  "days": 7875
}