{
  "cagr": 0.3585248498491287,
  "ann_vol": 0.28732858007527473,
  "sharpe": 1.2108019789927924,
  "sortino": 1.9361755788346848,
  "max_drawdown": -0.587019445002382,
  "calmar": 0.6107546400744422,
  "win_rate": 0.4603759207518415,
  "avg_daily_return": 0.0013805476722045735,
  "days": 7874
}