{
  "cagr": 0.36171698515993844,
  "ann_vol": 0.28779873272016465,
  "sharpe": 1.2174829723369778,
  "sortino": 1.9457810580221173,
  "max_drawdown": -0.5870194450023816,
  "calmar": 0.6161925098724301,
  "win_rate": 0.4613821138211382,
  "avg_daily_return": 0.001390436732405906,
  "days": 7872
}