{
  "cagr": 0.34341967378858307,
  "ann_vol": 0.2964044209604157,
  "sharpe": 1.1451635189242992,
  "sortino": 1.8486958635258015,
  "max_drawdown": -0.5864960169522397,
  "calmar": 0.5855447673339422,
  "win_rate": 0.44919786096256686,
  "avg_daily_return": 0.0013469505148806659,
  "days": 7854
}