{
  "cagr": 0.34435064917272173,
  "ann_vol": 0.2985492855406325,
  "sharpe": 1.1404463423922582,
  "sortino": 1.865185583851306,
  "max_drawdown": -0.5864960169522395,
  "calmar": 0.5871321189224094,
  "win_rate": 0.44968833481745324,
  "avg_daily_return": 0.0013511088918124613,
  "days": 7861
}