{
  "cagr": 0.37582146483029377,
  "ann_vol": 0.28687484919112133,
  "sharpe": 1.256469266402402,
  "sortino": 2.0080275529581457,
  "max_drawdown": -0.5871847685524998,
  "calmar": 0.6400395326274405,
  "win_rate": 0.4608452849346364,
  "avg_daily_return": 0.001430354886239737,
  "days": 7879
}