{
  "cagr": 0.35198965879479815,
  "ann_vol": 0.28701176728029953,
  "sharpe": 1.1950346778653118,
  "sortino": 1.9076582017444752,
  "max_drawdown": -0.5887748786645526,
  "calmar": 0.5978340305435145,
  "win_rate": 0.4584814626714068,
  "avg_daily_return": 0.0013610675193426076,
  "days": 7876
}