{
  "cagr": 0.3850026264036883,
  "ann_vol": 0.2881455981323436,
  "sharpe": 1.2752450507123911,
  "sortino": 2.0432737407647568,
  "max_drawdown": -0.5796180968823874,
  "calmar": 0.664234999691203,
  "win_rate": 0.46241747079735906,
  "avg_daily_return": 0.0014581597139804627,
  "days": 7876
}