{
  "cagr": 0.36363577419554605,
  "ann_vol": 0.3015423765139094,
  "sharpe": 1.1794579768838576,
  "sortino": 1.9282405898907327,
  "max_drawdown": -0.5866614185454588,
  "calmar": 0.6198392508870411,
  "win_rate": 0.448284625158831,
  "avg_daily_return": 0.0014113355609784498,
  "days": 7870
}