{
  "cagr": 0.4033235745048609,
  "ann_vol": 0.28827640171355323,
  "sharpe": 1.3202983538650115,
  "sortino": 2.1256344935128557,
  "max_drawdown": -0.5894797622684567,
  "calmar": 0.6842025805140061,
  "win_rate": 0.4619289340101523,
  "avg_daily_return": 0.0015103605502440162,
  "days": 7880
}