{
  "cagr": 0.38537566892277697,
  "ann_vol": 0.3062848346986058,
  "sharpe": 1.216762948022518,
  "sortino": 2.0255260534502537,
  "max_drawdown": -0.5900599781477713,
  "calmar": 0.6531127058176205,
  "win_rate": 0.45224146714212937,
  "avg_daily_return": 0.001478873168340399,
  "days": 7852
}