{
  "cagr": 0.3667989533739997,
  "ann_vol": 0.28725739555212937,
  "sharpe": 1.2321361195703493,
  "sortino": 1.9771519411189509,
  "max_drawdown": -0.587019445002382,
  "calmar": 0.6248497498622235,
  "win_rate": 0.46203656678517013,
  "avg_daily_return": 0.0014045246535438296,
  "days": 7876
}