{
  "cagr": 0.3844845869424063,
  "ann_vol": 0.3056223807805644,
  "sharpe": 1.2166257366537403,
  "sortino": 2.026898010826345,
  "max_drawdown": -0.5858587946791018,
  "calmar": 0.6562751817236161,
  "win_rate": 0.4516046867040244,
  "avg_daily_return": 0.0014755081514854658,
  "days": 7852
}