{
  "cagr": 0.35298371044083243,
  "ann_vol": 0.2869355775782151,
  "sharpe": 1.1978567269522042,
  "sortino": 1.911006119519488,
  "max_drawdown": -0.588857140141115,
  "calmar": 0.5994386182635786,
  "win_rate": 0.4572009144018288,
  "avg_daily_return": 0.0013639194913610965,
  "days": 7874
}