{
  "cagr": 0.35272684638327356,
  "ann_vol": 0.2972298507886243,
  "sharpe": 1.1660620779269928,
  "sortino": 1.8854310069633546,
  "max_drawdown": -0.5864960169522397,
  "calmar": 0.6014138820860863,
  "win_rate": 0.4519867549668874,
  "avg_daily_return": 0.001375351021631047,
  "days": 7852
}