{
  "cagr": 0.3593206568437477,
  "ann_vol": 0.3036347961279776,
  "sharpe": 1.1627328317250467,
  "sortino": 1.906836983771527,
  "max_drawdown": -0.5866614185454588,
  "calmar": 0.6124838714204706,
  "win_rate": 0.4501779359430605,
  "avg_daily_return": 0.0014009767711531684,
  "days": 7868
}