{
  "cagr": 0.40134213449281075,
  "ann_vol": 0.2884878588933334,
  "sharpe": 1.3148168386441867,
  "sortino": 2.105843599287299,
  "max_drawdown": -0.5796180968823874,
  "calmar": 0.6924251272545217,
  "win_rate": 0.461099124254347,
  "avg_daily_return": 0.0015051932326914082,
  "days": 7879
}