{
  "cagr": 0.37527690656925294,
  "ann_vol": 0.29702344601045705,
  "sharpe": 1.2210184432128122,
  "sortino": 2.029694990192988,
  "max_drawdown": -0.5864960169522396,
  "calmar": 0.6398626686663638,
  "win_rate": 0.4535727932747421,
  "avg_daily_return": 0.0014391710542253017,
  "days": 7851
}