{
  "cagr": 0.36675857955958446,
  "ann_vol": 0.29661020098296137,
  "sharpe": 1.2012200078130228,
  "sortino": 2.006350489725364,
  "max_drawdown": -0.5864960169522397,
  "calmar": 0.6253385683085565,
  "win_rate": 0.45104046980722584,
  "avg_daily_return": 0.0014138655077827137,
  "days": 7833
}