{
  "cagr": 0.356508143874428,
  "ann_vol": 0.29450973394423674,
  "sharpe": 1.1836053572557022,
  "sortino": 1.9127444088693957,
  "max_drawdown": -0.5856930055656826,
  "calmar": 0.6086945558280998,
  "win_rate": 0.4500891265597148,
  "avg_daily_return": 0.0013832670590442034,
  "days": 7854
}