{
  "cagr": 0.4011873487505353,
  "ann_vol": 0.28834297368298933,
  "sharpe": 1.3148977007755533,
  "sortino": 2.111358305206316,
  "max_drawdown": -0.579618096882387,
  "calmar": 0.6921580794464776,
  "win_rate": 0.4638730158730159,
  "avg_daily_return": 0.0015045298140929438,
  "days": 7875
}