{
  "cagr": 0.37613524451883573,
  "ann_vol": 0.28717097443200357,
  "sharpe": 1.2562575367058577,
  "sortino": 2.008300667199874,
  "max_drawdown": -0.5796180968823879,
  "calmar": 0.6489363367741061,
  "win_rate": 0.45976136075145974,
  "avg_daily_return": 0.0014315900832274288,
  "days": 7878
}