{
  "cagr": 0.3243053762523196,
  "ann_vol": 0.298763520525806,
  "sharpe": 1.0892674539240166,
  "sortino": 1.7907306867541575,
  "max_drawdown": -0.5864960169522397,
  "calmar": 0.5529540983715305,
  "win_rate": 0.45081549439347607,
  "avg_daily_return": 0.001291402298991317,
  "days": 7848
}