{
  "cagr": 0.37275124459306364,
  "ann_vol": 0.29625183855252313,
  "sharpe": 1.217619748523822,
  "sortino": 2.0019291516867526,
  "max_drawdown": -0.5864960169522396,
  "calmar": 0.6355563103907969,
  "win_rate": 0.451165159811537,
  "avg_daily_return": 0.001431436861814969,
  "days": 7853
}