{
  "cagr": 0.3603944773761698,
  "ann_vol": 0.3022013870164938,
  "sharpe": 1.1694096170375086,
  "sortino": 1.9186318863626297,
  "max_drawdown": -0.5864960169522397,
  "calmar": 0.6144875105017429,
  "win_rate": 0.45138712140493764,
  "avg_daily_return": 0.0014023698741179589,
  "days": 7858
}