{
  "cagr": 0.3676217710042742,
  "ann_vol": 0.2976210097104541,
  "sharpe": 1.20080871401777,
  "sortino": 1.9681815550376671,
  "max_drawdown": -0.6048166009335586,
  "calmar": 0.6078235459093472,
  "win_rate": 0.45052149580259476,
  "avg_daily_return": 0.0014181980236275505,
  "days": 7862
}