{
  "cagr": 0.3561896182889508,
  "ann_vol": 0.2858202328875243,
  "sharpe": 1.2096872670708132,
  "sortino": 1.9339448040926885,
  "max_drawdown": -0.5859904002754805,
  "calmar": 0.6078420706576458,
  "win_rate": 0.45595328763645593,
  "avg_daily_return": 0.001372036096882761,
  "days": 7878
}