{
  "cagr": 0.3915231993820949,
  "ann_vol": 0.28847688077124617,
  "sharpe": 1.290441941473272,
  "sortino": 2.0650372747237227,
  "max_drawdown": -0.5796180968823872,
  "calmar": 0.6754847743505507,
  "win_rate": 0.46241747079735906,
  "avg_daily_return": 0.0014772328020360539,
  "days": 7876
}