{
  "cagr": 0.36754035036185995,
  "ann_vol": 0.28680758710660215,
  "sharpe": 1.2356152396607831,
  "sortino": 1.9708307442546174,
  "max_drawdown": -0.5871847685524999,
  "calmar": 0.625936451430617,
  "win_rate": 0.4621144815331895,
  "avg_daily_return": 0.0014062850218209122,
  "days": 7879
}