{
  "cagr": 0.3658168757012963,
  "ann_vol": 0.28747828243103735,
  "sharpe": 1.2290371958722,
  "sortino": 1.9630405684611059,
  "max_drawdown": -0.5815017120168111,
  "calmar": 0.6290899375558856,
  "win_rate": 0.4565879664889566,
  "avg_daily_return": 0.0014020694529075744,
  "days": 7878
}