{
  "cagr": 0.4144767514870513,
  "ann_vol": 0.2969908884650536,
  "sharpe": 1.3159157178207717,
  "sortino": 2.1816285300797422,
  "max_drawdown": -0.5862951165736594,
  "calmar": 0.7069421862308457,
  "win_rate": 0.4581261950286807,
  "avg_daily_return": 0.001550853088101624,
  "days": 7845
}