{
  "cagr": 0.41293116740427704,
  "ann_vol": 0.2886311074532446,
  "sharpe": 1.3427425271689126,
  "sortino": 2.168291510322191,
  "max_drawdown": -0.5870194450023816,
  "calmar": 0.703436949013847,
  "win_rate": 0.4633062468257999,
  "avg_daily_return": 0.0015379256454866944,
  "days": 7876
}