{
  "cagr": 0.3535612015563858,
  "ann_vol": 0.2997804803940996,
  "sharpe": 1.1595413349997536,
  "sortino": 1.909932080625197,
  "max_drawdown": -0.5864960169522395,
  "calmar": 0.6028364922130026,
  "win_rate": 0.4516868236791852,
  "avg_daily_return": 0.0013793962637359079,
  "days": 7855
}