{
  "cagr": 0.38333777312702266,
  "ann_vol": 0.28965030378709195,
  "sharpe": 1.2660965171565912,
  "sortino": 2.0232888214469598,
  "max_drawdown": -0.5914083361840778,
  "calmar": 0.6481778319196831,
  "win_rate": 0.4603174603174603,
  "avg_daily_return": 0.0014552588922154138,
  "days": 7875
}