{
  "cagr": 0.37649886832337276,
  "ann_vol": 0.2877523941402121,
  "sharpe": 1.2551879151890626,
  "sortino": 2.009431133818071,
  "max_drawdown": -0.592141798256477,
  "calmar": 0.635825522589267,
  "win_rate": 0.4589414900368067,
  "avg_daily_return": 0.001433267173458094,
  "days": 7879
}