{
  "cagr": 0.3874491928919581,
  "ann_vol": 0.287714344003467,
  "sharpe": 1.2829028346473799,
  "sortino": 2.0538912260038793,
  "max_drawdown": -0.5796180968823873,
  "calmar": 0.6684559971055856,
  "win_rate": 0.4621144815331895,
  "avg_daily_return": 0.0014647204266314468,
  "days": 7879
}