{
  "cagr": 0.3954173351706882,
  "ann_vol": 0.28831126943540203,
  "sharpe": 1.300702520938436,
  "sortino": 2.083003379182821,
  "max_drawdown": -0.5796180968823874,
  "calmar": 0.6822032253608602,
  "win_rate": 0.4636963696369637,
  "avg_daily_return": 0.0014881237896437935,
  "days": 7878
}