{
  "cagr": 0.3573658271023892,
  "ann_vol": 0.2867834405758715,
  "sharpe": 1.2100077986694062,
  "sortino": 1.910841735880116,
  "max_drawdown": -0.5956662650001382,
  "calmar": 0.5999430353879555,
  "win_rate": 0.4646400407021114,
  "avg_daily_return": 0.001377024601766893,
  "days": 7862
}