{
  "cagr": 0.36638779253515597,
  "ann_vol": 0.2868669588400262,
  "sharpe": 1.2324132229157407,
  "sortino": 1.9742226624101422,
  "max_drawdown": -0.5921417982564767,
  "calmar": 0.6187500926534171,
  "win_rate": 0.4589414900368067,
  "avg_daily_return": 0.0014029310845699908,
  "days": 7879
}