{
  "cagr": 0.37491818639244645,
  "ann_vol": 0.3008569491962258,
  "sharpe": 1.2096522620717876,
  "sortino": 1.9528445686134055,
  "max_drawdown": -0.6098006737284369,
  "calmar": 0.6148208792557174,
  "win_rate": 0.45504330106979113,
  "avg_daily_return": 0.0014441757506921983,
  "days": 7852
}