{
  "cagr": 0.36783415031017497,
  "ann_vol": 0.28752932762401073,
  "sharpe": 1.2339213074947042,
  "sortino": 1.977901355317788,
  "max_drawdown": -0.5869368158397172,
  "calmar": 0.6267014444884037,
  "win_rate": 0.4601803632668614,
  "avg_daily_return": 0.0014078911266050805,
  "days": 7873
}