{
  "cagr": 0.396085585054164,
  "ann_vol": 0.29930064486143304,
  "sharpe": 1.264443237812617,
  "sortino": 2.080280367429222,
  "max_drawdown": -0.5872913465561433,
  "calmar": 0.6744277561329595,
  "win_rate": 0.4569974554707379,
  "avg_daily_return": 0.0015017804622542339,
  "days": 7860
}