{
  "cagr": 0.3950868688468241,
  "ann_vol": 0.2890998948842238,
  "sharpe": 1.297133423910087,
  "sortino": 2.0817744811521286,
  "max_drawdown": -0.5891605841401597,
  "calmar": 0.6705928391720686,
  "win_rate": 0.4605814396343786,
  "avg_daily_return": 0.0014880997481103598,
  "days": 7877
}