{
  "cagr": 0.3597216074990697,
  "ann_vol": 0.2866024650123867,
  "sharpe": 1.2162905557556634,
  "sortino": 1.9445476661107746,
  "max_drawdown": -0.5848518998112742,
  "calmar": 0.6150644421521897,
  "win_rate": 0.4550761421319797,
  "avg_daily_return": 0.0013833010772625668,
  "days": 7880
}