{
  "cagr": 0.3795637945097765,
  "ann_vol": 0.28745329392195035,
  "sharpe": 1.2639425850536603,
  "sortino": 2.0233605990534906,
  "max_drawdown": -0.5796180968823874,
  "calmar": 0.6548515247390477,
  "win_rate": 0.46033760629521514,
  "avg_daily_return": 0.0014417637278649363,
  "days": 7879
}