{
  "cagr": 0.3462036890233875,
  "ann_vol": 0.30014388616627896,
  "sharpe": 1.1405673408261925,
  "sortino": 1.8693297104246946,
  "max_drawdown": -0.5864960169522397,
  "calmar": 0.5902916286157489,
  "win_rate": 0.4483768300445576,
  "avg_daily_return": 0.0013584695005080083,
  "days": 7855
}