{
  "cagr": 0.3836959412021379,
  "ann_vol": 0.28805625302929844,
  "sharpe": 1.2725921199035597,
  "sortino": 2.02266443941773,
  "max_drawdown": -0.6069975716579417,
  "calmar": 0.6321210481190528,
  "win_rate": 0.46564885496183206,
  "avg_daily_return": 0.0014546750702945745,
  "days": 7860
}