{
  "cagr": 0.37597128030609617,
  "ann_vol": 0.2874528075375454,
  "sharpe": 1.2548653400192757,
  "sortino": 2.008020119739487,
  "max_drawdown": -0.592141798256477,
  "calmar": 0.6349345400259181,
  "win_rate": 0.4638730158730159,
  "avg_daily_return": 0.0014314070043254666,
  "days": 7875
}