{
  "cagr": 0.37844464706130787,
  "ann_vol": 0.2890797737149466,
  "sharpe": 1.2556010179319974,
  "sortino": 2.008733784958954,
  "max_drawdown": -0.6020298489521898,
  "calmar": 0.6286144245505044,
  "win_rate": 0.45729153445868764,
  "avg_daily_return": 0.0014403526117459141,
  "days": 7879
}