{
  "cagr": 0.3777596518070878,
  "ann_vol": 0.2877375590752197,
  "sharpe": 1.2585118719541166,
  "sortino": 2.008518484283464,
  "max_drawdown": -0.5796180968823872,
  "calmar": 0.6517388843429102,
  "win_rate": 0.4588145703769514,
  "avg_daily_return": 0.0014369886274731793,
  "days": 7879
}