{
  "cagr": 0.425071637381089,
  "ann_vol": 0.3082345641091526,
  "sharpe": 1.3022916995658087,
  "sortino": 2.197237587033464,
  "max_drawdown": -0.6054553306243188,
  "calmar": 0.7020693614882768,
  "win_rate": 0.45585241730279896,
  "avg_daily_return": 0.0015929020411877292,
  "days": 7860
}