{
  "cagr": 0.36315200356731614,
  "ann_vol": 0.2876396252987411,
  "sharpe": 1.2217468084233092,
  "sortino": 1.9471476461976778,
  "max_drawdown": -0.5871847685524998,
  "calmar": 0.6184629149399453,
  "win_rate": 0.457418454118543,
  "avg_daily_return": 0.0013945348976357463,
  "days": 7879
}