{
  "cagr": 0.35948410082071347,
  "ann_vol": 0.28718570080660083,
  "sharpe": 1.2137069537079752,
  "sortino": 1.9438618519598612,
  "max_drawdown": -0.5887748786645527,
  "calmar": 0.6105629058700467,
  "win_rate": 0.4577089154178308,
  "avg_daily_return": 0.0013831717543402238,
  "days": 7874
}