{
  "cagr": 0.3769582356962542,
  "ann_vol": 0.2878846526064025,
  "sharpe": 1.2558992012960286,
  "sortino": 2.0087309084647633,
  "max_drawdown": -0.5796180968823876,
  "calmar": 0.6503562220086171,
  "win_rate": 0.46446700507614214,
  "avg_daily_return": 0.0014347385130702472,
  "days": 7880
}