{
  "cagr": 0.393115051380017,
  "ann_vol": 0.28800953280223696,
  "sharpe": 1.2959869289027839,
  "sortino": 2.0804232911090415,
  "max_drawdown": -0.5869368158397175,
  "calmar": 0.6697740553514198,
  "win_rate": 0.4623587660276755,
  "avg_daily_return": 0.001481176944173293,
  "days": 7877
}