{
  "cagr": 0.37146622099018023,
  "ann_vol": 0.28821351784632177,
  "sharpe": 1.2408980693047236,
  "sortino": 1.987068086378312,
  "max_drawdown": -0.5846766994292864,
  "calmar": 0.6353361119962113,
  "win_rate": 0.45955555555555555,
  "avg_daily_return": 0.0014192206264393718,
  "days": 7875
}