{
  "cagr": 0.3978778990062215,
  "ann_vol": 0.30252349495863035,
  "sharpe": 1.2583986466477475,
  "sortino": 2.0744349805136015,
  "max_drawdown": -0.5858587946791016,
  "calmar": 0.6791361717530505,
  "win_rate": 0.456198347107438,
  "avg_daily_return": 0.001510695066091522,
  "days": 7865
}