{
  "cagr": 0.39721591210395757,
  "ann_vol": 0.3025757128460338,
  "sharpe": 1.2563122825837563,
  "sortino": 2.0846547776891455,
  "max_drawdown": -0.5916414719418877,
  "calmar": 0.6713794264628106,
  "win_rate": 0.4539322982947315,
  "avg_daily_return": 0.0015084507320632982,
  "days": 7858
}