{
  "cagr": 0.39440708821318604,
  "ann_vol": 0.299776704505427,
  "sharpe": 1.2589100892802696,
  "sortino": 2.0718369571663784,
  "max_drawdown": -0.5981166855486226,
  "calmar": 0.6594149565505201,
  "win_rate": 0.4551583767968452,
  "avg_daily_return": 0.0014975869756073674,
  "days": 7861
}