{
  "cagr": 0.36793624057520247,
  "ann_vol": 0.29867465722985737,
  "sharpe": 1.1984550308249988,
  "sortino": 1.9598094794771568,
  "max_drawdown": -0.6048166009335588,
  "calmar": 0.6083434879387868,
  "win_rate": 0.44972670649548746,
  "avg_daily_return": 0.0014204291490320616,
  "days": 7867
}