{
  "cagr": 0.38462629296499506,
  "ann_vol": 0.28844344277570627,
  "sharpe": 1.2732552892298006,
  "sortino": 2.0436140193133805,
  "max_drawdown": -0.5796180968823876,
  "calmar": 0.6635857214151838,
  "win_rate": 0.462798374809548,
  "avg_daily_return": 0.001457389441182673,
  "days": 7876
}