{
  "cagr": 0.3584418167867136,
  "ann_vol": 0.2871297434594358,
  "sharpe": 1.2112735597521986,
  "sortino": 1.9348093644733402,
  "max_drawdown": -0.5887748786645527,
  "calmar": 0.6087926468597371,
  "win_rate": 0.4579735906551549,
  "avg_daily_return": 0.0013801296289288679,
  "days": 7876
}