{
  "cagr": 0.4011649797036243,
  "ann_vol": 0.31308790231047523,
  "sharpe": 1.2327841060970968,
  "sortino": 2.0792060337363734,
  "max_drawdown": -0.5928619293651052,
  "calmar": 0.6766583580990454,
  "win_rate": 0.4510053448714686,
  "avg_daily_return": 0.001531626149996842,
  "days": 7858
}