{
  "cagr": 0.3750795960796802,
  "ann_vol": 0.3061616712788769,
  "sharpe": 1.1933108233644303,
  "sortino": 1.9623642389433416,
  "max_drawdown": -0.5864960169522397,
  "calmar": 0.6395262461095693,
  "win_rate": 0.4499554877273305,
  "avg_daily_return": 0.0014497858573625786,
  "days": 7863
}