{
  "cagr": 0.4012169313307321,
  "ann_vol": 0.2992446797422266,
  "sharpe": 1.2765825334532792,
  "sortino": 2.1150933512785683,
  "max_drawdown": -0.5872913465561431,
  "calmar": 0.6831650656585608,
  "win_rate": 0.4546958513616696,
  "avg_daily_return": 0.0015159148071746506,
  "days": 7858
}