{
  "cagr": 0.3546836614976123,
  "ann_vol": 0.2871688394228845,
  "sharpe": 1.2014521188650469,
  "sortino": 1.9193003835567157,
  "max_drawdown": -0.5870194450023819,
  "calmar": 0.6042110947383917,
  "win_rate": 0.46175349428208384,
  "avg_daily_return": 0.001369125438951244,
  "days": 7870
}