{
  "cagr": 0.3813233764998032,
  "ann_vol": 0.2873101940018657,
  "sharpe": 1.26881005213468,
  "sortino": 2.039044981660349,
  "max_drawdown": -0.5908105669673778,
  "calmar": 0.6454240966899605,
  "win_rate": 0.46190959878110716,
  "avg_daily_return": 0.001446595485120928,
  "days": 7876
}