{
  "cagr": 0.3832814191959142,
  "ann_vol": 0.2888880037865933,
  "sharpe": 1.2683609416613184,
  "sortino": 2.035414703242879,
  "max_drawdown": -0.5796180968823872,
  "calmar": 0.6612654457434711,
  "win_rate": 0.46368715083798884,
  "avg_daily_return": 0.0014540248434030021,
  "days": 7876
}