{
  "cagr": 0.39645532943450656,
  "ann_vol": 0.28819047347566507,
  "sharpe": 1.3035918563482225,
  "sortino": 2.096877266189343,
  "max_drawdown": -0.5966972068033926,
  "calmar": 0.6644162649233513,
  "win_rate": 0.4583650672759584,
  "avg_daily_return": 0.0014908045806377352,
  "days": 7878
}