{
  "cagr": 0.38138628452325607,
  "ann_vol": 0.2871056076575452,
  "sharpe": 1.2698036202151508,
  "sortino": 2.0277329502646526,
  "max_drawdown": -0.5921417982564768,
  "calmar": 0.6440793162148378,
  "win_rate": 0.46268088347296266,
  "avg_daily_return": 0.0014466973809832502,
  "days": 7878
}