{
  "cagr": 0.42552163817025934,
  "ann_vol": 0.3093086525162153,
  "sharpe": 1.2998662598182544,
  "sortino": 2.1932866249043816,
  "max_drawdown": -0.6009761315421979,
  "calmar": 0.708050812397998,
  "win_rate": 0.45571392211758716,
  "avg_daily_return": 0.001595475719429808,
  "days": 7858
}