{
  "cagr": 0.3640606847752679,
  "ann_vol": 0.2968802415573923,
  "sharpe": 1.1952298243067874,
  "sortino": 1.93299387065688,
  "max_drawdown": -0.5864960169522397,
  "calmar": 0.6207385459617103,
  "win_rate": 0.451165159811537,
  "avg_daily_return": 0.0014080957102213182,
  "days": 7853
}