{
  "cagr": 0.3747982782964987,
  "ann_vol": 0.28711239065433203,
  "sharpe": 1.2530813652797894,
  "sortino": 2.0048498662638696,
  "max_drawdown": -0.5815017120168109,
  "calmar": 0.6445351244050396,
  "win_rate": 0.45754537377839827,
  "avg_daily_return": 0.0014276793114673277,
  "days": 7879
}