{
  "cagr": 0.3732431773355094,
  "ann_vol": 0.2869762322103452,
  "sharpe": 1.2494582880831198,
  "sortino": 2.0086599722415026,
  "max_drawdown": -0.578941700562948,
  "calmar": 0.6446990724153698,
  "win_rate": 0.46071836527478105,
  "avg_daily_return": 0.0014228763168171279,
  "days": 7879
}