{
  "cagr": 0.36910067681198555,
  "ann_vol": 0.2994045417888059,
  "sharpe": 1.1990623035066854,
  "sortino": 1.9679665679902205,
  "max_drawdown": -0.5866614185454588,
  "calmar": 0.6291545091325703,
  "win_rate": 0.4470034355515969,
  "avg_daily_return": 0.001424621823716999,
  "days": 7859
}