{
  "cagr": 0.38211401119917476,
  "ann_vol": 0.2986167225701449,
  "sharpe": 1.2327513878300569,
  "sortino": 2.0416879534936663,
  "max_drawdown": -0.5864960169522399,
  "calmar": 0.6515202152349681,
  "win_rate": 0.45306330403770223,
  "avg_daily_return": 0.0014607943618935653,
  "days": 7851
}