{
  "cagr": 0.3659533176055534,
  "ann_vol": 0.300840027654305,
  "sharpe": 1.186874821600783,
  "sortino": 1.9520811595739775,
  "max_drawdown": -0.5866614185454586,
  "calmar": 0.623789644311162,
  "win_rate": 0.45096043760335836,
  "avg_daily_return": 0.0014169025959183288,
  "days": 7861
}