{
  "cagr": 0.38942176968399367,
  "ann_vol": 0.30053647323429666,
  "sharpe": 1.2445638466493953,
  "sortino": 2.0449448138800563,
  "max_drawdown": -0.5872913465561433,
  "calmar": 0.6630810618401749,
  "win_rate": 0.4542101246502162,
  "avg_daily_return": 0.0014842731317725242,
  "days": 7862
}