{
  "cagr": 0.351235235052771,
  "ann_vol": 0.29904075413979686,
  "sharpe": 1.1559033828284673,
  "sortino": 1.9060221353255502,
  "max_drawdown": -0.5864960169522395,
  "calmar": 0.5988706229890276,
  "win_rate": 0.45103781994142367,
  "avg_daily_return": 0.0013716754735401447,
  "days": 7853
}