{
  "cagr": 0.39124417429332525,
  "ann_vol": 0.3048805844291843,
  "sharpe": 1.234920015353497,
  "sortino": 2.049429601970188,
  "max_drawdown": -0.6091741937367134,
  "calmar": 0.6422533625290469,
  "win_rate": 0.4520356234096692,
  "avg_daily_return": 0.001494060063586806,
  "days": 7860
}