{
  "cagr": 0.36399175924563876,
  "ann_vol": 0.2871729968691832,
  "sharpe": 1.2252555274335695,
  "sortino": 1.9639368972102085,
  "max_drawdown": -0.5869368158397174,
  "calmar": 0.620154928814414,
  "win_rate": 0.46195859265845296,
  "avg_daily_return": 0.0013962710387423812,
  "days": 7873
}