{
  "cagr": 0.3790300909548947,
  "ann_vol": 0.28744899479133207,
  "sharpe": 1.2626616605587393,
  "sortino": 2.0168509135865382,
  "max_drawdown": -0.581501712016811,
  "calmar": 0.6518125108184326,
  "win_rate": 0.46160680289376826,
  "avg_daily_return": 0.0014402810520206658,
  "days": 7879
}