{
  "cagr": 0.41729888174229335,
  "ann_vol": 0.310100183391436,
  "sharpe": 1.2787250203520573,
  "sortino": 2.150130762556161,
  "max_drawdown": -0.6067919748702431,
  "calmar": 0.6877132510388406,
  "win_rate": 0.456906429026098,
  "avg_daily_return": 0.0015735431084868644,
  "days": 7855
}