{
  "cagr": 0.40082903075595033,
  "ann_vol": 0.302273583831751,
  "sharpe": 1.2658401609156045,
  "sortino": 2.0985290894785202,
  "max_drawdown": -0.5862951165736594,
  "calmar": 0.6836642834387178,
  "win_rate": 0.45518207282913165,
  "avg_daily_return": 0.0015183731826119633,
  "days": 7854
}