{
  "cagr": 0.33624353992701006,
  "ann_vol": 0.2853950889230013,
  "sharpe": 1.1595134906178088,
  "sortino": 1.8278146978040064,
  "max_drawdown": -0.5922388748086431,
  "calmar": 0.5677498628161701,
  "win_rate": 0.45884747487597,
  "avg_daily_return": 0.0013131724435741898,
  "days": 7861
}