{
  "cagr": 0.38405861507346994,
  "ann_vol": 0.2970845364960513,
  "sharpe": 1.2422984313775272,
  "sortino": 2.0613999064378974,
  "max_drawdown": -0.5866614185454591,
  "calmar": 0.6546512228905166,
  "win_rate": 0.45625,
  "avg_daily_return": 0.0014645541813304963,
  "days": 7840
}