{
  "cagr": 0.3987183250134987,
  "ann_vol": 0.2880106145852697,
  "sharpe": 1.30990251172654,
  "sortino": 2.1076446123465677,
  "max_drawdown": -0.5796180968823874,
  "calmar": 0.6878983371259442,
  "win_rate": 0.4628665735686175,
  "avg_daily_return": 0.0014970866169442191,
  "days": 7877
}