{
  "cagr": 0.38457719471854634,
  "ann_vol": 0.28714393256486204,
  "sharpe": 1.2775759960109987,
  "sortino": 2.0502122950504456,
  "max_drawdown": -0.5796180968823874,
  "calmar": 0.6635010134898918,
  "win_rate": 0.4633743811095595,
  "avg_daily_return": 0.0014557468081958314,
  "days": 7877
}