{
  "cagr": 0.3828133508933955,
  "ann_vol": 0.2880864499092137,
  "sharpe": 1.2698956929142546,
  "sortino": 2.0361337250641536,
  "max_drawdown": -0.5796180968823874,
  "calmar": 0.6604578996971409,
  "win_rate": 0.461968253968254,
  "avg_daily_return": 0.0014517450077255064,
  "days": 7875
}