{
  "cagr": 0.40326171734486493,
  "ann_vol": 0.3075549558261834,
  "sharpe": 1.2541816711942033,
  "sortino": 2.1193484227205532,
  "max_drawdown": -0.587090945193649,
  "calmar": 0.6868811734302103,
  "win_rate": 0.45701184562476116,
  "avg_daily_return": 0.0015306737638970298,
  "days": 7851
}