{
  "cagr": 0.37970739722125035,
  "ann_vol": 0.29982112844619707,
  "sharpe": 1.2233500387635254,
  "sortino": 2.013813940337007,
  "max_drawdown": -0.5900599781477718,
  "calmar": 0.6435064421979121,
  "win_rate": 0.4523354970090365,
  "avg_daily_return": 0.0014555007505007902,
  "days": 7857
}