{
  "cagr": 0.35041764492494254,
  "ann_vol": 0.3008683119695781,
  "sharpe": 1.1489797084342634,
  "sortino": 1.8786171201656399,
  "max_drawdown": -0.5866614185454588,
  "calmar": 0.5973081471656204,
  "win_rate": 0.4514692787177204,
  "avg_daily_return": 0.0013717920054847393,
  "days": 7861
}