{
  "cagr": 0.3975713062125188,
  "ann_vol": 0.2877098515683446,
  "sharpe": 1.3081473932633527,
  "sortino": 2.1022491603052718,
  "max_drawdown": -0.5847446667230435,
  "calmar": 0.6799058270005961,
  "win_rate": 0.4624761904761905,
  "avg_daily_return": 0.00149351941415112,
  "days": 7875
}