{
  "cagr": 0.3943075139588541,
  "ann_vol": 0.3124632389171976,
  "sharpe": 1.219291865014328,
  "sortino": 2.0362609753933385,
  "max_drawdown": -0.5878641659444386,
  "calmar": 0.6707459593584442,
  "win_rate": 0.45245359776252225,
  "avg_daily_return": 0.0015118408148695362,
  "days": 7866
}