{
  "cagr": 0.4000200371926004,
  "ann_vol": 0.3038954848787401,
  "sharpe": 1.2588697393593415,
  "sortino": 2.0879275724587,
  "max_drawdown": -0.58649601695224,
  "calmar": 0.6820507311734653,
  "win_rate": 0.4543024439918534,
  "avg_daily_return": 0.0015181144042133495,
  "days": 7856
}