{
  "cagr": 0.3792561417998359,
  "ann_vol": 0.29021784129698175,
  "sharpe": 1.2539743921469446,
  "sortino": 2.0055519390039165,
  "max_drawdown": -0.5847520069018176,
  "calmar": 0.6485760413362971,
  "win_rate": 0.4603960396039604,
  "avg_daily_return": 0.001444149766470188,
  "days": 7878
}