{
  "cagr": 0.3796571034666758,
  "ann_vol": 0.2872910148307929,
  "sharpe": 1.2647815431259168,
  "sortino": 2.0191449523867098,
  "max_drawdown": -0.5921417982564771,
  "calmar": 0.641159101729605,
  "win_rate": 0.4621144815331895,
  "avg_daily_return": 0.0014419062423967409,
  "days": 7879
}