{
  "cagr": 0.4301064622355253,
  "ann_vol": 0.31028247170221324,
  "sharpe": 1.3071618230674005,
  "sortino": 2.2068570646685637,
  "max_drawdown": -0.6054553306243188,
  "calmar": 0.7103851274907738,
  "win_rate": 0.4553321455841181,
  "avg_daily_return": 0.0016094817515748992,
  "days": 7858
}