{
  "cagr": 0.3903620267729788,
  "ann_vol": 0.2890430143191872,
  "sharpe": 1.2855949172906094,
  "sortino": 2.057424435678943,
  "max_drawdown": -0.5796180968823874,
  "calmar": 0.6734814335036001,
  "win_rate": 0.4609722045944917,
  "avg_daily_return": 0.0014745723416964764,
  "days": 7879
}