{
  "cagr": 0.3506173505442405,
  "ann_vol": 0.2981119987588532,
  "sharpe": 1.15731066418781,
  "sortino": 1.8947198548440374,
  "max_drawdown": -0.5864960169522397,
  "calmar": 0.5978171043108591,
  "win_rate": 0.45065580033108366,
  "avg_daily_return": 0.00136908014009657,
  "days": 7853
}