{
  "cagr": 0.38505264547178064,
  "ann_vol": 0.2874631507090227,
  "sharpe": 1.2776941101997885,
  "sortino": 2.048208696540988,
  "max_drawdown": -0.5796180968823875,
  "calmar": 0.6643212962860839,
  "win_rate": 0.461099124254347,
  "avg_daily_return": 0.0014574998991296634,
  "days": 7879
}