{
  "cagr": 0.40966313213078065,
  "ann_vol": 0.2878409782980077,
  "sharpe": 1.3376022701147257,
  "sortino": 2.15186667148972,
  "max_drawdown": -0.5806933930084495,
  "calmar": 0.7054723492003289,
  "win_rate": 0.46534653465346537,
  "avg_daily_return": 0.0015278442302567152,
  "days": 7878
}