{
  "cagr": 0.39475778159536556,
  "ann_vol": 0.2875360280585881,
  "sharpe": 1.3017611551052901,
  "sortino": 2.092082900125866,
  "max_drawdown": -0.5796180968823872,
  "calmar": 0.6810653147627093,
  "win_rate": 0.4606399187404774,
  "avg_daily_return": 0.0014853302858753945,
  "days": 7876
}