{
  "cagr": 0.37352674732762225,
  "ann_vol": 0.287269620309534,
  "sharpe": 1.2493214542017381,
  "sortino": 1.9956287816584457,
  "max_drawdown": -0.5871847685525001,
  "calmar": 0.6361315336029961,
  "win_rate": 0.46135296357405764,
  "avg_daily_return": 0.0014241749992576211,
  "days": 7879
}