{
  "cagr": 0.3895390303025641,
  "ann_vol": 0.28773829885948143,
  "sharpe": 1.288009322585552,
  "sortino": 2.0674584576574846,
  "max_drawdown": -0.5891605841401595,
  "calmar": 0.6611763257568737,
  "win_rate": 0.4606499111449607,
  "avg_daily_return": 0.0014706730611760564,
  "days": 7878
}