{
  "cagr": 0.3867337987392301,
  "ann_vol": 0.29859641383849034,
  "sharpe": 1.2441558542475746,
  "sortino": 2.0530525882213917,
  "max_drawdown": -0.5866614185454588,
  "calmar": 0.6592112358403932,
  "win_rate": 0.45174433409727527,
  "avg_daily_return": 0.0014742082395009508,
  "days": 7854
}