{
  "cagr": 0.36168007731650276,
  "ann_vol": 0.29934363183084306,
  "sharpe": 1.1807684409114108,
  "sortino": 1.951524740416991,
  "max_drawdown": -0.5864960169522397,
  "calmar": 0.6166795116461218,
  "win_rate": 0.45106274659539264,
  "avg_daily_return": 0.001402601243938127,
  "days": 7857
}