{
  "cagr": 0.3886874047220641,
  "ann_vol": 0.28786083508651605,
  "sharpe": 1.2858328773619325,
  "sortino": 2.0419249624946523,
  "max_drawdown": -0.5901524877882086,
  "calmar": 0.6586219879861873,
  "win_rate": 0.4666073018699911,
  "avg_daily_return": 0.0014688131979345856,
  "days": 7861
}