{
  "cagr": 0.35235819898144216,
  "ann_vol": 0.28571067544159134,
  "sharpe": 1.2001333628543753,
  "sortino": 1.9167751372366868,
  "max_drawdown": -0.5909887515639984,
  "calmar": 0.5962181142178391,
  "win_rate": 0.4591849688967881,
  "avg_daily_return": 0.0013606782291276328,
  "days": 7877
}