{
  "cagr": 0.38481165631448966,
  "ann_vol": 0.28685201824197565,
  "sharpe": 1.2792540760858997,
  "sortino": 2.050085750562493,
  "max_drawdown": -0.5964861951080109,
  "calmar": 0.6451308671859681,
  "win_rate": 0.4600736320934366,
  "avg_daily_return": 0.001456177038054848,
  "days": 7877
}