{
  "cagr": 0.3622177564565152,
  "ann_vol": 0.28762143481423624,
  "sharpe": 1.2192738834545376,
  "sortino": 1.9527745430750234,
  "max_drawdown": -0.587019445002382,
  "calmar": 0.6170455843333187,
  "win_rate": 0.46252540650406504,
  "avg_daily_return": 0.0013916242214685526,
  "days": 7872
}