{
  "cagr": 0.357318263740233,
  "ann_vol": 0.2864534524868733,
  "sharpe": 1.210579621750293,
  "sortino": 1.9332862273586486,
  "max_drawdown": -0.5909069165803177,
  "calmar": 0.6046946713842795,
  "win_rate": 0.4573968253968254,
  "avg_daily_return": 0.0013760901276977855,
  "days": 7875
}