{
  "cagr": 0.37335436827655966,
  "ann_vol": 0.28802081830929266,
  "sharpe": 1.246317873561032,
  "sortino": 1.9955927667867805,
  "max_drawdown": -0.5796180968823874,
  "calmar": 0.6441385634519249,
  "win_rate": 0.4617142857142857,
  "avg_daily_return": 0.0014244662453822643,
  "days": 7875
}