{
  "cagr": 0.3916174744012211,
  "ann_vol": 0.2865488008034284,
  "sharpe": 1.2973887900155818,
  "sortino": 2.084142161170699,
  "max_drawdown": -0.5903836850978427,
  "calmar": 0.6633270604968011,
  "win_rate": 0.4584920030464585,
  "avg_daily_return": 0.001475258737997505,
  "days": 7878
}