{
  "cagr": 0.3858609538763198,
  "ann_vol": 0.3007172017255813,
  "sharpe": 1.2353030595728223,
  "sortino": 2.039995044310091,
  "max_drawdown": -0.5864960169522397,
  "calmar": 0.6579089076878449,
  "win_rate": 0.45396663695403033,
  "avg_daily_return": 0.0014741146007039602,
  "days": 7853
}