{
  "cagr": 0.34541183665730535,
  "ann_vol": 0.2870182366592485,
  "sharpe": 1.1779947893978568,
  "sortino": 1.879412911125343,
  "max_drawdown": -0.5976803662401671,
  "calmar": 0.5779206682498047,
  "win_rate": 0.45976136075145974,
  "avg_daily_return": 0.0013416904256565705,
  "days": 7878
}