{
  "cagr": 0.35335108793072467,
  "ann_vol": 0.2985950665856285,
  "sharpe": 1.1626582238421583,
  "sortino": 1.9084372336048525,
  "max_drawdown": -0.5864960169522399,
  "calmar": 0.6024782397789057,
  "win_rate": 0.44874570227938365,
  "avg_daily_return": 0.001377634959456089,
  "days": 7853
}