{
  "cagr": 0.33208157056845833,
  "ann_vol": 0.3023432356162824,
  "sharpe": 1.0993518689480906,
  "sortino": 1.803146397889389,
  "max_drawdown": -0.5864960169522397,
  "calmar": 0.566212831749718,
  "win_rate": 0.4507956715467855,
  "avg_daily_return": 0.0013189746077620023,
  "days": 7855
}