{
  "cagr": 0.35559319359377595,
  "ann_vol": 0.2874281222451966,
  "sharpe": 1.202996729798517,
  "sortino": 1.9173711021649629,
  "max_drawdown": -0.5921417982564772,
  "calmar": 0.600520339284943,
  "win_rate": 0.46006349206349206,
  "avg_daily_return": 0.0013721233775087175,
  "days": 7875
}