{
  "cagr": 0.4011801455727222,
  "ann_vol": 0.29960405197098705,
  "sharpe": 1.275226957462131,
  "sortino": 2.1225894758659507,
  "max_drawdown": -0.5866614185454588,
  "calmar": 0.6838359109542088,
  "win_rate": 0.45481160896130346,
  "avg_daily_return": 0.0015161236653116331,
  "days": 7856
}