{
  "cagr": 0.37717102619811405,
  "ann_vol": 0.2871226556490487,
  "sharpe": 1.2590396754279427,
  "sortino": 2.014878452980538,
  "max_drawdown": -0.6019657677418284,
  "calmar": 0.6265655730109149,
  "win_rate": 0.4581111957349581,
  "avg_daily_return": 0.0014345191079221185,
  "days": 7878
}