{
  "cagr": 0.37880128715264005,
  "ann_vol": 0.28778625664108687,
  "sharpe": 1.260923677191374,
  "sortino": 2.018559206016619,
  "max_drawdown": -0.5891605841401595,
  "calmar": 0.6429508309784084,
  "win_rate": 0.4609911054637865,
  "avg_daily_return": 0.0014399861309088739,
  "days": 7870
}