{
  "cagr": 0.3636656644038414,
  "ann_vol": 0.28718313016357877,
  "sharpe": 1.224403952264393,
  "sortino": 1.9604661235230574,
  "max_drawdown": -0.5921417982564771,
  "calmar": 0.6141530043557663,
  "win_rate": 0.4604928861788618,
  "avg_daily_return": 0.0013953498397435802,
  "days": 7872
}