{
  "cagr": 0.32119111590108895,
  "ann_vol": 0.3061270947605326,
  "sharpe": 1.0624684823864268,
  "sortino": 1.7495353858341645,
  "max_drawdown": -0.5864960169522397,
  "calmar": 0.5476441554883477,
  "win_rate": 0.44226856561546285,
  "avg_daily_return": 0.001290676150017679,
  "days": 7864
}