{
  "cagr": 0.40375256471542986,
  "ann_vol": 0.30897477027627573,
  "sharpe": 1.2514377760661866,
  "sortino": 2.0966971187884416,
  "max_drawdown": -0.6091741937367137,
  "calmar": 0.6627867182599868,
  "win_rate": 0.4541523591504515,
  "avg_daily_return": 0.001534375791249878,
  "days": 7863
}