{
  "cagr": 0.4143609780782369,
  "ann_vol": 0.28898837866214544,
  "sharpe": 1.3449642195413232,
  "sortino": 2.170895699566042,
  "max_drawdown": -0.587019445002382,
  "calmar": 0.7058726616399488,
  "win_rate": 0.462984126984127,
  "avg_daily_return": 0.0015423770999412516,
  "days": 7875
}