{
  "cagr": 0.36184664187517157,
  "ann_vol": 0.2865058409918551,
  "sharpe": 1.2220624787744672,
  "sortino": 1.9520508888792312,
  "max_drawdown": -0.5848518998112744,
  "calmar": 0.6186978994031407,
  "win_rate": 0.4543147208121827,
  "avg_daily_return": 0.0013893969771637676,
  "days": 7880
}