{
  "cagr": 0.3979384306802827,
  "ann_vol": 0.3002018191533962,
  "sharpe": 1.2656223797837591,
  "sortino": 2.1001059258702917,
  "max_drawdown": -0.5872913465561433,
  "calmar": 0.6775826564000649,
  "win_rate": 0.4525082760376878,
  "avg_daily_return": 0.0015077069079064526,
  "days": 7854
}