{
  "cagr": 0.39886788818556873,
  "ann_vol": 0.30724197226334604,
  "sharpe": 1.2454674540667119,
  "sortino": 2.0816660339198068,
  "max_drawdown": -0.5928619293651048,
  "calmar": 0.6727837771818405,
  "win_rate": 0.4515923566878981,
  "avg_daily_return": 0.0015184915753850637,
  "days": 7850
}