{
  "cagr": 0.34698535957655485,
  "ann_vol": 0.2978387410015022,
  "sharpe": 1.150031567345685,
  "sortino": 1.854265442519678,
  "max_drawdown": -0.5866614185454588,
  "calmar": 0.5914576084393862,
  "win_rate": 0.45047109752992104,
  "avg_daily_return": 0.001359222040271743,
  "days": 7854
}