{
  "cagr": 0.3758721232401059,
  "ann_vol": 0.2867615979354965,
  "sharpe": 1.2569569851458968,
  "sortino": 2.0104316125799913,
  "max_drawdown": -0.5995025086154837,
  "calmar": 0.6269733951708739,
  "win_rate": 0.4608452849346364,
  "avg_daily_return": 0.0014303452127641867,
  "days": 7879
}