{
  "cagr": 0.3580308251738884,
  "ann_vol": 0.28767681144380375,
  "sharpe": 1.208423274189953,
  "sortino": 1.9318020726091876,
  "max_drawdown": -0.5921417982564772,
  "calmar": 0.6046369741641052,
  "win_rate": 0.46038598273235143,
  "avg_daily_return": 0.0013795053746532943,
  "days": 7876
}