{
  "cagr": 0.36258257804799165,
  "ann_vol": 0.2862643684533564,
  "sharpe": 1.2247309356098994,
  "sortino": 1.9579303684703293,
  "max_drawdown": -0.5839554511600712,
  "calmar": 0.6209079431105476,
  "win_rate": 0.45723350253807105,
  "avg_daily_return": 0.001391257253282135,
  "days": 7880
}