{
  "cagr": 0.3941142202591439,
  "ann_vol": 0.31601506118585443,
  "sharpe": 1.2085470696087113,
  "sortino": 2.0198458402319472,
  "max_drawdown": -0.5864960169522395,
  "calmar": 0.6719810686987803,
  "win_rate": 0.451067615658363,
  "avg_daily_return": 0.0015155518895538372,
  "days": 7868
}