{
  "cagr": 0.3740426688717182,
  "ann_vol": 0.29656309110120704,
  "sharpe": 1.2206210642903206,
  "sortino": 1.9845543571018185,
  "max_drawdown": -0.5858587946791018,
  "calmar": 0.6384519141282095,
  "win_rate": 0.4513950821760734,
  "avg_daily_return": 0.0014364728409069817,
  "days": 7849
}