{
  "cagr": 0.4214723829794236,
  "ann_vol": 0.2966079848422495,
  "sharpe": 1.333850506024237,
  "sortino": 2.219938069562559,
  "max_drawdown": -0.5862951165736596,
  "calmar": 0.7188741148698815,
  "win_rate": 0.4569789674952199,
  "avg_daily_return": 0.0015699631376739596,
  "days": 7845
}