{
  "cagr": 0.3641183615764505,
  "ann_vol": 0.2994249794782978,
  "sharpe": 1.186842217682383,
  "sortino": 1.9440864936544793,
  "max_drawdown": -0.5864960169522397,
  "calmar": 0.6208368872965455,
  "win_rate": 0.44926798217695735,
  "avg_daily_return": 0.0014101992329062123,
  "days": 7855
}