{
  "cagr": 0.3651867522988421,
  "ann_vol": 0.2989944181113,
  "sharpe": 1.1906678935308441,
  "sortino": 1.9552051050975294,
  "max_drawdown": -0.5864960169522397,
  "calmar": 0.6226585377281095,
  "win_rate": 0.45261146496815285,
  "avg_daily_return": 0.0014127105317816005,
  "days": 7850
}