{
  "cagr": 0.4095418386523919,
  "ann_vol": 0.30932235446537554,
  "sharpe": 1.2634068806215972,
  "sortino": 2.125255712005173,
  "max_drawdown": -0.6009761315421982,
  "calmar": 0.6814610716759147,
  "win_rate": 0.4551583767968452,
  "avg_daily_return": 0.0015507936150066825,
  "days": 7861
}