{
  "cagr": 0.37297720918468125,
  "ann_vol": 0.28927814008248864,
  "sharpe": 1.2411915789723704,
  "sortino": 1.9852782944813805,
  "max_drawdown": -0.5903836850978426,
  "calmar": 0.6317539230828657,
  "win_rate": 0.45855020947061065,
  "avg_daily_return": 0.0014247999661542773,
  "days": 7877
}