{
  "cagr": 0.36963475549644675,
  "ann_vol": 0.2882359292437458,
  "sharpe": 1.236234094881018,
  "sortino": 1.9750213317199028,
  "max_drawdown": -0.5869368158397175,
  "calmar": 0.6297692452084788,
  "win_rate": 0.46259367458402134,
  "avg_daily_return": 0.0014139963615891103,
  "days": 7873
}