{
  "cagr": 0.36702492261614905,
  "ann_vol": 0.30069187988397117,
  "sharpe": 1.189788239583386,
  "sortino": 1.9630598605914515,
  "max_drawdown": -0.5864960169522396,
  "calmar": 0.6257926942512163,
  "win_rate": 0.45262353540499234,
  "avg_daily_return": 0.0014196812001708583,
  "days": 7852
}