{
  "cagr": 0.36590613354192403,
  "ann_vol": 0.3053179240949433,
  "sharpe": 1.1737741706579812,
  "sortino": 1.9327819144420886,
  "max_drawdown": -0.5864960169522397,
  "calmar": 0.6238851125424113,
  "win_rate": 0.4489250731459102,
  "avg_daily_return": 0.001422120210953141,
  "days": 7861
}