{
  "cagr": 0.3628937809389505,
  "ann_vol": 0.301449509382042,
  "sharpe": 1.177851457296632,
  "sortino": 1.9341402284947449,
  "max_drawdown": -0.5864960169522397,
  "calmar": 0.6187489265907532,
  "win_rate": 0.44902634593356244,
  "avg_daily_return": 0.0014089791426416297,
  "days": 7857
}