{
  "cagr": 0.3922998596395124,
  "ann_vol": 0.3000072831428106,
  "sharpe": 1.253265272313958,
  "sortino": 2.061236089682237,
  "max_drawdown": -0.5866614185454588,
  "calmar": 0.6686989245213406,
  "win_rate": 0.4562698917886696,
  "avg_daily_return": 0.0014920186881906355,
  "days": 7855
}