{
  "cagr": 0.3966916434976082,
  "ann_vol": 0.30127319365701194,
  "sharpe": 1.259547120694776,
  "sortino": 2.07858856079406,
  "max_drawdown": -0.5900599781477716,
  "calmar": 0.6722903741800004,
  "win_rate": 0.4539783577339274,
  "avg_daily_return": 0.0015058245382269986,
  "days": 7855
}