{
  "cagr": 0.36233359255384556,
  "ann_vol": 0.29914919686278324,
  "sharpe": 1.1830464323570327,
  "sortino": 1.9434091625603336,
  "max_drawdown": -0.6048166009335588,
  "calmar": 0.5990801046045513,
  "win_rate": 0.4509155645981689,
  "avg_daily_return": 0.0014043944051974904,
  "days": 7864
}