{
  "cagr": 0.38416699400293264,
  "ann_vol": 0.3006153812859517,
  "sharpe": 1.2313016124558342,
  "sortino": 2.044818127721974,
  "max_drawdown": -0.5900599781477713,
  "calmar": 0.6510643124938801,
  "win_rate": 0.45224146714212937,
  "avg_daily_return": 0.001468842078277635,
  "days": 7852
}