{
  "cagr": 0.3722932397438734,
  "ann_vol": 0.28853226402317467,
  "sharpe": 1.2419414092188164,
  "sortino": 1.9885663338629007,
  "max_drawdown": -0.5796180968823874,
  "calmar": 0.6423078260432867,
  "win_rate": 0.4609424615775435,
  "avg_daily_return": 0.0014219847881180648,
  "days": 7873
}