{
  "cagr": 0.3994613048422351,
  "ann_vol": 0.288283641708158,
  "sharpe": 1.3107992977556466,
  "sortino": 2.107505722414672,
  "max_drawdown": -0.5869368158397175,
  "calmar": 0.6805865538878059,
  "win_rate": 0.4638141188420518,
  "avg_daily_return": 0.0014995317266916755,
  "days": 7876
}