{
  "cagr": 0.41104822513700556,
  "ann_vol": 0.2878687270188436,
  "sharpe": 1.3409211957564005,
  "sortino": 2.15680279106305,
  "max_drawdown": -0.5858068495807922,
  "calmar": 0.7016787622595311,
  "win_rate": 0.46579515166899355,
  "avg_daily_return": 0.0015317828479216942,
  "days": 7879
}