{
  "cagr": 0.40503250589751016,
  "ann_vol": 0.2876454899554603,
  "sharpe": 1.3268892047976308,
  "sortino": 2.131536896940823,
  "max_drawdown": -0.5806933930084497,
  "calmar": 0.6974980441901059,
  "win_rate": 0.46344249809596344,
  "avg_daily_return": 0.0015145781565543224,
  "days": 7878
}