{
  "cagr": 0.35963082539456614,
  "ann_vol": 0.28703194648832475,
  "sharpe": 1.2146640706732759,
  "sortino": 1.939996445999164,
  "max_drawdown": -0.5839554511600715,
  "calmar": 0.6158531865403986,
  "win_rate": 0.4571065989847716,
  "avg_daily_return": 0.001383521399024066,
  "days": 7880
}