{
  "cagr": 0.35060290426941876,
  "ann_vol": 0.29979736251937034,
  "sharpe": 1.1524328653675415,
  "sortino": 1.8884225404333486,
  "max_drawdown": -0.5864960169522397,
  "calmar": 0.597792472813962,
  "win_rate": 0.44947823873759224,
  "avg_daily_return": 0.00137101719657192,
  "days": 7858
}