{
  "cagr": 0.37155806376749045,
  "ann_vol": 0.2989252759742401,
  "sharpe": 1.2065248494445235,
  "sortino": 1.976820964098409,
  "max_drawdown": -0.5864960169522399,
  "calmar": 0.6335218876648356,
  "win_rate": 0.45187165775401067,
  "avg_daily_return": 0.0014311935460679986,
  "days": 7854
}