{
  "cagr": 0.39632093162060933,
  "ann_vol": 0.2888970714638508,
  "sharpe": 1.3007892956661056,
  "sortino": 2.0957273406958943,
  "max_drawdown": -0.5796180968823873,
  "calmar": 0.6837621767717658,
  "win_rate": 0.46356018283392586,
  "avg_daily_return": 0.0014912468973417156,
  "days": 7876
}