{
  "cagr": 0.3747963862479817,
  "ann_vol": 0.28708189623718744,
  "sharpe": 1.2531790138264376,
  "sortino": 2.0024651895687304,
  "max_drawdown": -0.5815017120168111,
  "calmar": 0.6445318706768424,
  "win_rate": 0.4576722934382536,
  "avg_daily_return": 0.001427638919181888,
  "days": 7879
}