{
  "cagr": 0.3808274032783363,
  "ann_vol": 0.28711305023968064,
  "sharpe": 1.2682743506990795,
  "sortino": 2.0340043696140118,
  "max_drawdown": -0.5921417982564774,
  "calmar": 0.6431354861279133,
  "win_rate": 0.4604645259550704,
  "avg_daily_return": 0.0014449925293257791,
  "days": 7879
}