{
  "cagr": 0.4154824029202775,
  "ann_vol": 0.30735164081695,
  "sharpe": 1.2833008520675402,
  "sortino": 2.157714045940059,
  "max_drawdown": -0.5881259469136604,
  "calmar": 0.7064514073909278,
  "win_rate": 0.4558636479267362,
  "avg_daily_return": 0.001565177073671112,
  "days": 7862
}