{
  "cagr": 0.3914484147498205,
  "ann_vol": 0.3040513528700157,
  "sharpe": 1.2387572468265844,
  "sortino": 2.041635678415958,
  "max_drawdown": -0.6223583953756061,
  "calmar": 0.6289758725172709,
  "win_rate": 0.45182258475656384,
  "avg_daily_return": 0.0014946262571223158,
  "days": 7846
}