{
  "cagr": 0.379467395214673,
  "ann_vol": 0.2873387210832354,
  "sharpe": 1.2641413512219561,
  "sortino": 2.0184130256877566,
  "max_drawdown": -0.5921417982564771,
  "calmar": 0.6408387253390826,
  "win_rate": 0.4619289340101523,
  "avg_daily_return": 0.0014414157109072126,
  "days": 7880
}