{
  "cagr": 0.37282719261125385,
  "ann_vol": 0.28785361398589265,
  "sharpe": 1.2455464114470427,
  "sortino": 1.9933665821904294,
  "max_drawdown": -0.581501712016811,
  "calmar": 0.6411454771443141,
  "win_rate": 0.46210486225720454,
  "avg_daily_return": 0.0014227580791347748,
  "days": 7877
}