{
  "cagr": 0.38441043855693,
  "ann_vol": 0.3028636399699766,
  "sharpe": 1.2249439023808686,
  "sortino": 2.0388524123015226,
  "max_drawdown": -0.5864960169522395,
  "calmar": 0.6554357189918204,
  "win_rate": 0.45093041040020393,
  "avg_daily_return": 0.0014721863851331067,
  "days": 7846
}