{
  "cagr": 0.4165016013129872,
  "ann_vol": 0.3045671484126643,
  "sharpe": 1.2947241732623176,
  "sortino": 2.1741320584967823,
  "max_drawdown": -0.5862951165736594,
  "calmar": 0.7103958220683215,
  "win_rate": 0.4549618320610687,
  "avg_daily_return": 0.0015648033708412752,
  "days": 7860
}