{
  "cagr": 0.342995869762867,
  "ann_vol": 0.29899393296809423,
  "sharpe": 1.1355775596952158,
  "sortino": 1.8680486357795503,
  "max_drawdown": -0.5864960169522395,
  "calmar": 0.5848221639172673,
  "win_rate": 0.4523233609166136,
  "avg_daily_return": 0.001347344447546072,
  "days": 7855
}