{
  "cagr": 0.3651254123348464,
  "ann_vol": 0.300904912551384,
  "sharpe": 1.1849206708073798,
  "sortino": 1.941097658219771,
  "max_drawdown": -0.5866614185454587,
  "calmar": 0.6223784295209348,
  "win_rate": 0.4512970498474059,
  "avg_daily_return": 0.0014148748049540947,
  "days": 7864
}