{
  "cagr": 0.4112077051045915,
  "ann_vol": 0.288322964846209,
  "sharpe": 1.339664264081329,
  "sortino": 2.1586747990434945,
  "max_drawdown": -0.5869368158397177,
  "calmar": 0.7005996114186254,
  "win_rate": 0.4614505271179982,
  "avg_daily_return": 0.0015327617957924997,
  "days": 7873
}