{
  "cagr": 0.3579311725401,
  "ann_vol": 0.2976895198054371,
  "sharpe": 1.176724936134816,
  "sortino": 1.9251193143451781,
  "max_drawdown": -0.5864960169522397,
  "calmar": 0.6102874737327457,
  "win_rate": 0.45091048007131035,
  "avg_daily_return": 0.0013900741317449878,
  "days": 7853
}