{
  "cagr": 0.38313697020190896,
  "ann_vol": 0.2978104531496136,
  "sharpe": 1.237663373108417,
  "sortino": 2.055495605441123,
  "max_drawdown": -0.5862951165736596,
  "calmar": 0.6534882508334405,
  "win_rate": 0.45454545454545453,
  "avg_daily_return": 0.001462655119094223,
  "days": 7854
}