{
  "cagr": 0.41996606102444245,
  "ann_vol": 0.3098778626615797,
  "sharpe": 1.2855077030127866,
  "sortino": 2.163294554778216,
  "max_drawdown": -0.6061606642970472,
  "calmar": 0.6928296172294007,
  "win_rate": 0.45482311020615934,
  "avg_daily_return": 0.001580755474067483,
  "days": 7858
}