{
  "cagr": 0.3695391624525881,
  "ann_vol": 0.29732232185353746,
  "sharpe": 1.206415566315499,
  "sortino": 1.980855287453202,
  "max_drawdown": -0.5864960169522397,
  "calmar": 0.6300795773054344,
  "win_rate": 0.45147733061640344,
  "avg_daily_return": 0.0014233899893504984,
  "days": 7852
}