{
  "cagr": 0.3504843925292622,
  "ann_vol": 0.30236452108934236,
  "sharpe": 1.1447380264933351,
  "sortino": 1.8804050782960424,
  "max_drawdown": -0.5864960169522396,
  "calmar": 0.5975904053885559,
  "win_rate": 0.4497139224411952,
  "avg_daily_return": 0.0013735244649666202,
  "days": 7865
}