{
  "cagr": 0.3727495319429315,
  "ann_vol": 0.28730833585943294,
  "sharpe": 1.2472110253709654,
  "sortino": 1.9945874984653824,
  "max_drawdown": -0.5887748786645526,
  "calmar": 0.6330934716311174,
  "win_rate": 0.45861893881695864,
  "avg_daily_return": 0.0014219608102566184,
  "days": 7878
}