{
  "cagr": 0.35871048443622766,
  "ann_vol": 0.2995577853667286,
  "sharpe": 1.173106564577226,
  "sortino": 1.9283505420219642,
  "max_drawdown": -0.5864960169522397,
  "calmar": 0.6116162327926579,
  "win_rate": 0.4516745192919903,
  "avg_daily_return": 0.0013944968432640771,
  "days": 7853
}