{
  "cagr": 0.38923267696991903,
  "ann_vol": 0.2892771064387249,
  "sharpe": 1.2819694866638551,
  "sortino": 2.053711987642888,
  "max_drawdown": -0.5796180968823872,
  "calmar": 0.6715329957147627,
  "win_rate": 0.4620952380952381,
  "avg_daily_return": 0.001471604855814318,
  "days": 7875
}