{
  "cagr": 0.37004025387074346,
  "ann_vol": 0.2876183220074923,
  "sharpe": 1.2392805073950013,
  "sortino": 1.9841116513211414,
  "max_drawdown": -0.592141798256477,
  "calmar": 0.6249183134180072,
  "win_rate": 0.46096229529008503,
  "avg_daily_return": 0.0014144435716397497,
  "days": 7877
}