{
  "cagr": 0.35851108113327346,
  "ann_vol": 0.2981178841945318,
  "sharpe": 1.1768471290476856,
  "sortino": 1.934036095468111,
  "max_drawdown": -0.5864960169522397,
  "calmar": 0.6112762419023694,
  "win_rate": 0.4513049013367282,
  "avg_daily_return": 0.0013922189529793133,
  "days": 7855
}