{
  "cagr": 0.35627745915009146,
  "ann_vol": 0.3010961295238734,
  "sharpe": 1.162831014830873,
  "sortino": 1.8979576324521734,
  "max_drawdown": -0.5866614185454587,
  "calmar": 0.6072965562205017,
  "win_rate": 0.4496567505720824,
  "avg_daily_return": 0.0013893806264855277,
  "days": 7866
}