{
  "cagr": 0.36581703232474894,
  "ann_vol": 0.28773892342982793,
  "sharpe": 1.2281206701051608,
  "sortino": 1.9642238177100495,
  "max_drawdown": -0.5887748786645528,
  "calmar": 0.6213190229081915,
  "win_rate": 0.4593015873015873,
  "avg_daily_return": 0.0014022941249106095,
  "days": 7875
}