{
  "cagr": 0.37482361791819674,
  "ann_vol": 0.287518251834032,
  "sharpe": 1.251691212609795,
  "sortino": 2.006327190747681,
  "max_drawdown": -0.5815017120168113,
  "calmar": 0.6445787005823304,
  "win_rate": 0.46089385474860334,
  "avg_daily_return": 0.0014281113861327693,
  "days": 7876
}