{
  "cagr": 0.3976717759480273,
  "ann_vol": 0.28849519613688807,
  "sharpe": 1.305659654975247,
  "sortino": 2.09265351396335,
  "max_drawdown": -0.5796180968823872,
  "calmar": 0.6860927532922089,
  "win_rate": 0.4635509271018542,
  "avg_daily_return": 0.0014947481677413973,
  "days": 7874
}