{
  "cagr": 0.37343454523802366,
  "ann_vol": 0.28751132572020255,
  "sharpe": 1.2482396079706672,
  "sortino": 1.9985959844911587,
  "max_drawdown": -0.5815017120168111,
  "calmar": 0.6421899325848034,
  "win_rate": 0.4589414900368067,
  "avg_daily_return": 0.0014241389862060616,
  "days": 7879
}