{
  "cagr": 0.39348823368778385,
  "ann_vol": 0.2888315496850532,
  "sharpe": 1.293977135771326,
  "sortino": 2.0804171637422857,
  "max_drawdown": -0.5947008235042536,
  "calmar": 0.6616574555407009,
  "win_rate": 0.46191926884996193,
  "avg_daily_return": 0.0014831008785809513,
  "days": 7878
}