{
  "cagr": 0.3689692659777315,
  "ann_vol": 0.2870289164258896,
  "sharpe": 1.2384585995964414,
  "sortino": 1.9837385460386616,
  "max_drawdown": -0.592141798256477,
  "calmar": 0.6231096454669093,
  "win_rate": 0.46070839151961407,
  "avg_daily_return": 0.0014106088488101236,
  "days": 7877
}