{
  "cagr": 0.35696328498295204,
  "ann_vol": 0.2978926176212539,
  "sharpe": 1.1744766503159356,
  "sortino": 1.9053871926274246,
  "max_drawdown": -0.5858587946791017,
  "calmar": 0.609299183053956,
  "win_rate": 0.4504837067209776,
  "avg_daily_return": 0.0013883647766519856,
  "days": 7856
}