{
  "cagr": 0.40279530052435497,
  "ann_vol": 0.30317107005219224,
  "sharpe": 1.267589271310175,
  "sortino": 2.1092437334392162,
  "max_drawdown": -0.5864960169522396,
  "calmar": 0.686782670098092,
  "win_rate": 0.4524627720504009,
  "avg_daily_return": 0.0015249856975789948,
  "days": 7857
}