{
  "cagr": 0.3800871247993278,
  "ann_vol": 0.2888291761502546,
  "sharpe": 1.2605715800779997,
  "sortino": 2.0226184723053127,
  "max_drawdown": -0.587019445002382,
  "calmar": 0.6474864300241119,
  "win_rate": 0.46277947154471544,
  "avg_daily_return": 0.0014448009959220805,
  "days": 7872
}