{
  "cagr": 0.38452996880093804,
  "ann_vol": 0.28695328937831044,
  "sharpe": 1.2781932918244192,
  "sortino": 2.04593999941635,
  "max_drawdown": -0.592141798256477,
  "calmar": 0.6493883220761675,
  "win_rate": 0.4614115257679614,
  "avg_daily_return": 0.0014554832125817394,
  "days": 7878
}