{
  "cagr": 0.41223233238240464,
  "ann_vol": 0.3052596686993627,
  "sharpe": 1.2827583704992975,
  "sortino": 2.143755153244707,
  "max_drawdown": -0.6056132116444773,
  "calmar": 0.6806858312470301,
  "win_rate": 0.456826286296485,
  "avg_daily_return": 0.0015538666476996546,
  "days": 7852
}