{
  "cagr": 0.402726661977421,
  "ann_vol": 0.2882457975008694,
  "sharpe": 1.3191189347598955,
  "sortino": 2.1094841604575354,
  "max_drawdown": -0.5814907702359802,
  "calmar": 0.6925761896684737,
  "win_rate": 0.4654056112733274,
  "avg_daily_return": 0.0015088511482908875,
  "days": 7877
}