{
  "cagr": 0.3580359452276314,
  "ann_vol": 0.28714917322335687,
  "sharpe": 1.2101421002205204,
  "sortino": 1.9329271871215796,
  "max_drawdown": -0.5887748786645524,
  "calmar": 0.6081032975451016,
  "win_rate": 0.45905801701155263,
  "avg_daily_return": 0.0013789337443663072,
  "days": 7877
}