{
  "cagr": 0.4169920629260768,
  "ann_vol": 0.3098797416359475,
  "sharpe": 1.2786571500468986,
  "sortino": 2.160816188066308,
  "max_drawdown": -0.6061606642970475,
  "calmar": 0.6879233303758736,
  "win_rate": 0.45314685314685316,
  "avg_daily_return": 0.001572341060784873,
  "days": 7865
}