{
  "cagr": 0.3607863372849649,
  "ann_vol": 0.300858876460242,
  "sharpe": 1.1740386789260642,
  "sortino": 1.9404754899009666,
  "max_drawdown": -0.5864960169522397,
  "calmar": 0.615155647876028,
  "win_rate": 0.4530295315682281,
  "avg_daily_return": 0.0014016664995285702,
  "days": 7856
}