{
  "cagr": 0.39431484389420834,
  "ann_vol": 0.28918738799959454,
  "sharpe": 1.2949133878858616,
  "sortino": 2.073744711618966,
  "max_drawdown": -0.6020298489521889,
  "calmar": 0.6549755706971988,
  "win_rate": 0.461977910371969,
  "avg_daily_return": 0.0014860024617022783,
  "days": 7877
}