{
  "cagr": 0.3577433603921891,
  "ann_vol": 0.3005583211190623,
  "sharpe": 1.16787093249902,
  "sortino": 1.9116064254427865,
  "max_drawdown": -0.5864960169522397,
  "calmar": 0.6099672462418808,
  "win_rate": 0.45218387877244365,
  "avg_daily_return": 0.00139291002688174,
  "days": 7853
}