{
  "cagr": 0.3535457745366526,
  "ann_vol": 0.30168431711425137,
  "sharpe": 1.1541599182583262,
  "sortino": 1.897420650858875,
  "max_drawdown": -0.5864960169522397,
  "calmar": 0.6028101885054113,
  "win_rate": 0.4503370214930688,
  "avg_daily_return": 0.0013817140745981148,
  "days": 7863
}