{
  "cagr": 0.3941792112652782,
  "ann_vol": 0.2872925267745255,
  "sharpe": 1.3011128411826707,
  "sortino": 2.0915476600453005,
  "max_drawdown": -0.5796180968823872,
  "calmar": 0.6800671224474601,
  "win_rate": 0.4635509271018542,
  "avg_daily_return": 0.001483333316598436,
  "days": 7874
}