{
  "cagr": 0.36845548763776037,
  "ann_vol": 0.28610819090523953,
  "sharpe": 1.2402111743100463,
  "sortino": 1.9876406041805472,
  "max_drawdown": -0.5921417982564772,
  "calmar": 0.6222419844750927,
  "win_rate": 0.4609037826859609,
  "avg_daily_return": 0.0014080737120714195,
  "days": 7878
}