{
  "cagr": 0.37141747999100394,
  "ann_vol": 0.30618927104332394,
  "sharpe": 1.1844420258174315,
  "sortino": 1.9551380453895448,
  "max_drawdown": -0.5864960169522397,
  "calmar": 0.6332821865033222,
  "win_rate": 0.4512272669464581,
  "avg_daily_return": 0.0014391406368925383,
  "days": 7863
}