{
  "cagr": 0.4010966115801422,
  "ann_vol": 0.3044283392553002,
  "sharpe": 1.259242738955073,
  "sortino": 2.1079758687736403,
  "max_drawdown": -0.6058767184693592,
  "calmar": 0.6620102726400218,
  "win_rate": 0.45410628019323673,
  "avg_daily_return": 0.0015212268879340408,
  "days": 7866
}