{
  "cagr": 0.38158658021246117,
  "ann_vol": 0.3038437280164546,
  "sharpe": 1.215536705369379,
  "sortino": 2.007833590317547,
  "max_drawdown": -0.5922082535693032,
  "calmar": 0.6443452584670977,
  "win_rate": 0.45314685314685316,
  "avg_daily_return": 0.0014656079528554242,
  "days": 7865
}