{
  "cagr": 0.3614967093137529,
  "ann_vol": 0.3043588253341483,
  "sharpe": 1.1658741446576948,
  "sortino": 1.9192036859881612,
  "max_drawdown": -0.5864960169522399,
  "calmar": 0.6163668616068209,
  "win_rate": 0.44937674891885016,
  "avg_daily_return": 0.0014081114491030894,
  "days": 7862
}