{
  "cagr": 0.3769277557710602,
  "ann_vol": 0.2992384268373528,
  "sharpe": 1.2195310250152107,
  "sortino": 1.9682462458173082,
  "max_drawdown": -0.5900599781477718,
  "calmar": 0.6387956643903482,
  "win_rate": 0.4537686519576585,
  "avg_daily_return": 0.0014481370850168865,
  "days": 7841
}