{
  "cagr": 0.3794852981418775,
  "ann_vol": 0.3002296411206851,
  "sharpe": 1.2216115040130662,
  "sortino": 2.003477572093941,
  "max_drawdown": -0.5872913465561435,
  "calmar": 0.6461619098717637,
  "win_rate": 0.45245359776252225,
  "avg_daily_return": 0.0014554126327703796,
  "days": 7866
}