{
  "cagr": 0.40435631864500343,
  "ann_vol": 0.3159278360694387,
  "sharpe": 1.2318388968803906,
  "sortino": 2.0678915037565067,
  "max_drawdown": -0.5866614185454586,
  "calmar": 0.6892498907590445,
  "win_rate": 0.45296211543351134,
  "avg_daily_return": 0.0015443341154648454,
  "days": 7866
}