{
  "cagr": 0.37134925316224865,
  "ann_vol": 0.29925178698360594,
  "sharpe": 1.2046494205207194,
  "sortino": 1.9892104540579354,
  "max_drawdown": -0.5864960169522397,
  "calmar": 0.6331658569345218,
  "win_rate": 0.4521141110545084,
  "avg_daily_return": 0.0014305297293599755,
  "days": 7852
}