{
  "cagr": 0.3943184363010239,
  "ann_vol": 0.2873221165258667,
  "sharpe": 1.3014749602101205,
  "sortino": 2.079863976476659,
  "max_drawdown": -0.5814907702359803,
  "calmar": 0.6781164147128282,
  "win_rate": 0.46489780373238543,
  "avg_daily_return": 0.0014838989690224215,
  "days": 7877
}