{
  "cagr": 0.3536364830069645,
  "ann_vol": 0.30597936566629125,
  "sharpe": 1.142004024786333,
  "sortino": 1.8892707667098225,
  "max_drawdown": -0.5864960169522397,
  "calmar": 0.6029648502041954,
  "win_rate": 0.45195367188494334,
  "avg_daily_return": 0.001386625663137311,
  "days": 7857
}