{
  "cagr": 0.3712527602046083,
  "ann_vol": 0.3021957472645718,
  "sharpe": 1.1958003996237456,
  "sortino": 1.9682647686190642,
  "max_drawdown": -0.5866614185454587,
  "calmar": 0.6328228659131451,
  "win_rate": 0.4514445717194858,
  "avg_daily_return": 0.0014339912514387066,
  "days": 7857
}