{
  "cagr": 0.3864759761433998,
  "ann_vol": 0.3005614653280341,
  "sharpe": 1.2373660485551574,
  "sortino": 2.0414691459359826,
  "max_drawdown": -0.6048166009335589,
  "calmar": 0.6389969712254234,
  "win_rate": 0.45022250476795933,
  "avg_daily_return": 0.0014758117171450001,
  "days": 7865
}