{
  "cagr": 0.38067046287425876,
  "ann_vol": 0.2877401432005418,
  "sharpe": 1.2657196620429452,
  "sortino": 2.029370330578682,
  "max_drawdown": -0.5921417982564772,
  "calmar": 0.6428704475771142,
  "win_rate": 0.460502921005842,
  "avg_daily_return": 0.0014452315747145678,
  "days": 7874
}