{
  "cagr": 0.3650112172927702,
  "ann_vol": 0.2868455218790059,
  "sharpe": 1.229026417369083,
  "sortino": 1.969027981065035,
  "max_drawdown": -0.5911859737774512,
  "calmar": 0.6174219847613921,
  "win_rate": 0.4550761421319797,
  "avg_daily_return": 0.0013989711274318638,
  "days": 7880
}