{
  "cagr": 0.3983267477072101,
  "ann_vol": 0.288390998936984,
  "sharpe": 1.307589514121973,
  "sortino": 2.10215283720183,
  "max_drawdown": -0.5796180968823872,
  "calmar": 0.6872227590023579,
  "win_rate": 0.462739621683382,
  "avg_daily_return": 0.0014964168499917408,
  "days": 7877
}