{
  "cagr": 0.3898208836128014,
  "ann_vol": 0.31246041425577786,
  "sharpe": 1.2088503656743643,
  "sortino": 2.0192393003903546,
  "max_drawdown": -0.5862981476373453,
  "calmar": 0.6648850677487133,
  "win_rate": 0.45289256198347105,
  "avg_daily_return": 0.0014988805002025807,
  "days": 7865
}