{
  "cagr": 0.38513757203993326,
  "ann_vol": 0.30661076796834585,
  "sharpe": 1.2152444026249896,
  "sortino": 2.0275463398630866,
  "max_drawdown": -0.5866614185454587,
  "calmar": 0.6564903705357438,
  "win_rate": 0.4517934367845332,
  "avg_daily_return": 0.0014785992840371947,
  "days": 7862
}