{
  "cagr": 0.3888595707934386,
  "ann_vol": 0.30096639386697205,
  "sharpe": 1.2418338479284634,
  "sortino": 2.048858162550977,
  "max_drawdown": -0.5866614185454588,
  "calmar": 0.6628347433474644,
  "win_rate": 0.4534232629167727,
  "avg_daily_return": 0.001483135932590035,
  "days": 7858
}