{
  "cagr": 0.3950848839096368,
  "ann_vol": 0.3051951784530677,
  "sharpe": 1.2429668613326759,
  "sortino": 2.0664428695261923,
  "max_drawdown": -0.6061606642970474,
  "calmar": 0.6517824517165082,
  "win_rate": 0.4534232629167727,
  "avg_daily_return": 0.0015053471947436784,
  "days": 7858
}