{
  "cagr": 0.3802795144376241,
  "ann_vol": 0.28598297260745476,
  "sharpe": 1.2707572247230547,
  "sortino": 2.0370172346174833,
  "max_drawdown": -0.5871847685524998,
  "calmar": 0.6476317758975104,
  "win_rate": 0.4624952405127554,
  "avg_daily_return": 0.0014421227325748856,
  "days": 7879
}