{
  "cagr": 0.36375317706568233,
  "ann_vol": 0.28738105769695205,
  "sharpe": 1.224012528737511,
  "sortino": 1.9595623681983572,
  "max_drawdown": -0.5921417982564768,
  "calmar": 0.6143007943987909,
  "win_rate": 0.4606399187404774,
  "avg_daily_return": 0.0013958651395330848,
  "days": 7876
}