{
  "cagr": 0.3725509064183232,
  "ann_vol": 0.28816022181119944,
  "sharpe": 1.2438144444165815,
  "sortino": 1.9915143794773145,
  "max_drawdown": -0.5796180968823875,
  "calmar": 0.6427523716429422,
  "win_rate": 0.4615189230378461,
  "avg_daily_return": 0.001422293040534924,
  "days": 7874
}