{
  "cagr": 0.3937003420337586,
  "ann_vol": 0.29707097388411696,
  "sharpe": 1.265728363876018,
  "sortino": 2.10228760374567,
  "max_drawdown": -0.5866614185454588,
  "calmar": 0.6710861317757711,
  "win_rate": 0.45852475752935173,
  "avg_daily_return": 0.001492107768847188,
  "days": 7836
}