{
  "cagr": 0.3527061455680398,
  "ann_vol": 0.3024764723084188,
  "sharpe": 1.1501074231760382,
  "sortino": 1.880453468096204,
  "max_drawdown": -0.5864960169522399,
  "calmar": 0.6013785863387402,
  "win_rate": 0.45077588399898244,
  "avg_daily_return": 0.001380477921255044,
  "days": 7862
}