{
  "cagr": 0.40684122885941876,
  "ann_vol": 0.28785178303444314,
  "sharpe": 1.3306040182910832,
  "sortino": 2.140448606723989,
  "max_drawdown": -0.5796180968823875,
  "calmar": 0.7019125714806183,
  "win_rate": 0.4655916708989335,
  "avg_daily_return": 0.0015199076952341498,
  "days": 7876
}