{
  "cagr": 0.3959225831499853,
  "ann_vol": 0.2889240860217684,
  "sharpe": 1.2997330783777818,
  "sortino": 2.0884717361763587,
  "max_drawdown": -0.5796180968823872,
  "calmar": 0.6830749165347811,
  "win_rate": 0.46521076688674456,
  "avg_daily_return": 0.0014901753641396534,
  "days": 7876
}