{
  "cagr": 0.4020587841818235,
  "ann_vol": 0.30616012303200946,
  "sharpe": 1.2563998827485294,
  "sortino": 2.0957380698996952,
  "max_drawdown": -0.6069190286855399,
  "calmar": 0.6624586891806622,
  "win_rate": 0.4511249523325283,
  "avg_daily_return": 0.00152642675674459,
  "days": 7867
}