{
  "cagr": 0.3373699344462888,
  "ann_vol": 0.3000880425309004,
  "sharpe": 1.118542893614276,
  "sortino": 1.8396904185288103,
  "max_drawdown": -0.5864960169522397,
  "calmar": 0.5752297111913071,
  "win_rate": 0.45031847133757963,
  "avg_daily_return": 0.0013319894740052123,
  "days": 7850
}