{
  "cagr": 0.34692153914049384,
  "ann_vol": 0.29770670698876855,
  "sharpe": 1.1492265738783785,
  "sortino": 1.884223030143896,
  "max_drawdown": -0.5864960169522397,
  "calmar": 0.5915155927968472,
  "win_rate": 0.44775359551991856,
  "avg_daily_return": 0.0013576684877442864,
  "days": 7857
}