{
  "cagr": 0.38559360992942615,
  "ann_vol": 0.2870736913181887,
  "sharpe": 1.2804838174488198,
  "sortino": 2.0477187806978794,
  "max_drawdown": -0.5871847685525,
  "calmar": 0.6566819007924426,
  "win_rate": 0.46140172676485525,
  "avg_daily_return": 0.0014587032387641484,
  "days": 7876
}