{
  "cagr": 0.3856174119745517,
  "ann_vol": 0.2989988903941448,
  "sharpe": 1.240394671111499,
  "sortino": 2.0406592875240963,
  "max_drawdown": -0.6053938108383163,
  "calmar": 0.6369695313544248,
  "win_rate": 0.4516088007121964,
  "avg_daily_return": 0.0014717326600509483,
  "days": 7863
}