{
  "cagr": 0.3937822842954215,
  "ann_vol": 0.28720412108346643,
  "sharpe": 1.3005000945987164,
  "sortino": 2.0874295116396753,
  "max_drawdown": -0.590243477802542,
  "calmar": 0.6671522839379108,
  "win_rate": 0.4609821088694328,
  "avg_daily_return": 0.0014821785184874368,
  "days": 7881
}