{
  "cagr": 0.3630670170547192,
  "ann_vol": 0.30136043961533593,
  "sharpe": 1.1783213723697616,
  "sortino": 1.9376154107718981,
  "max_drawdown": -0.5864960169522397,
  "calmar": 0.6190443013431154,
  "win_rate": 0.4504515964889963,
  "avg_daily_return": 0.0014091247889055658,
  "days": 7861
}