{
  "cagr": 0.35469467526312437,
  "ann_vol": 0.2876875595495875,
  "sharpe": 1.1997821554791401,
  "sortino": 1.9206112794273293,
  "max_drawdown": -0.587019445002382,
  "calmar": 0.6042298569201316,
  "win_rate": 0.4616948291195528,
  "avg_daily_return": 0.0013696920647618394,
  "days": 7871
}