{
  "cagr": 0.4351599525320964,
  "ann_vol": 0.31110996811665015,
  "sharpe": 1.3157886062623316,
  "sortino": 2.2282328807271266,
  "max_drawdown": -0.605613211644477,
  "calmar": 0.7185443516835881,
  "win_rate": 0.4554594044286078,
  "avg_daily_return": 0.0016244244101722735,
  "days": 7858
}