{
  "cagr": 0.40377477888547264,
  "ann_vol": 0.28831707731030276,
  "sharpe": 1.3212857570179792,
  "sortino": 2.127816353858821,
  "max_drawdown": -0.5975859801932095,
  "calmar": 0.6756764587330605,
  "win_rate": 0.45867716135584613,
  "avg_daily_return": 0.0015117033641909895,
  "days": 7877
}