{
  "cagr": 0.3693740212063077,
  "ann_vol": 0.29794959369280793,
  "sharpe": 1.204111391438781,
  "sortino": 1.9731636546329705,
  "max_drawdown": -0.5864960169522397,
  "calmar": 0.6297980046408176,
  "win_rate": 0.45174433409727527,
  "avg_daily_return": 0.0014236686502348452,
  "days": 7854
}