{
  "cagr": 0.3696457288359638,
  "ann_vol": 0.3035735089354509,
  "sharpe": 1.187829953970413,
  "sortino": 1.9516893835518665,
  "max_drawdown": -0.5864960169522397,
  "calmar": 0.6302612774027846,
  "win_rate": 0.45089058524173026,
  "avg_daily_return": 0.0014309274093821014,
  "days": 7860
}