{
  "cagr": 0.36265062860551334,
  "ann_vol": 0.298550244300703,
  "sharpe": 1.1857640840448829,
  "sortino": 1.9455700419160775,
  "max_drawdown": -0.5864960169522396,
  "calmar": 0.6183343417915236,
  "win_rate": 0.45256589838278366,
  "avg_daily_return": 0.0014048022102913587,
  "days": 7853
}