{
  "cagr": 0.37626769037657737,
  "ann_vol": 0.28725641518787026,
  "sharpe": 1.2562928526165844,
  "sortino": 2.0075816017085035,
  "max_drawdown": -0.5921417982564771,
  "calmar": 0.6354351128133043,
  "win_rate": 0.4618509584867335,
  "avg_daily_return": 0.0014320562749552635,
  "days": 7877
}