{
  "cagr": 0.3644955311219398,
  "ann_vol": 0.2867178964091607,
  "sharpe": 1.2281048375730592,
  "sortino": 1.9636878555766972,
  "max_drawdown": -0.5921417982564774,
  "calmar": 0.6155544705595398,
  "win_rate": 0.45957608833608327,
  "avg_daily_return": 0.0013973001413426867,
  "days": 7879
}