{
  "cagr": 0.3950838312472855,
  "ann_vol": 0.30565040912254154,
  "sharpe": 1.2417122294569132,
  "sortino": 2.0620215443803693,
  "max_drawdown": -0.5866614185454588,
  "calmar": 0.6734443731221291,
  "win_rate": 0.4544760935910478,
  "avg_daily_return": 0.0015060708371653977,
  "days": 7864
}