{
  "cagr": 0.37682913557024267,
  "ann_vol": 0.28897611230031645,
  "sharpe": 1.251988836661488,
  "sortino": 1.9996486708102266,
  "max_drawdown": -0.5869368158397175,
  "calmar": 0.6420267487073913,
  "win_rate": 0.4602106866353598,
  "avg_daily_return": 0.0014356939154036006,
  "days": 7879
}