{
  "cagr": 0.37531914176614034,
  "ann_vol": 0.28766592799943497,
  "sharpe": 1.2524925333805876,
  "sortino": 2.00417750777881,
  "max_drawdown": -0.592141798256477,
  "calmar": 0.633833218447411,
  "win_rate": 0.461968253968254,
  "avg_daily_return": 0.0014297596307427485,
  "days": 7875
}