{
  "cagr": 0.38067690392751774,
  "ann_vol": 0.2890611219798172,
  "sharpe": 1.261283279982389,
  "sortino": 2.0190537433250193,
  "max_drawdown": -0.5976803662401668,
  "calmar": 0.6369238901425611,
  "win_rate": 0.46121619906055605,
  "avg_daily_return": 0.0014467776193099818,
  "days": 7877
}