{
  "cagr": 0.33089743533283467,
  "ann_vol": 0.30089864328666066,
  "sharpe": 1.1002032665641956,
  "sortino": 1.807031348612261,
  "max_drawdown": -0.5864960169522396,
  "calmar": 0.5641938321292653,
  "win_rate": 0.44966870540265036,
  "avg_daily_return": 0.001313689167722952,
  "days": 7848
}