{
  "cagr": 0.3859952486139928,
  "ann_vol": 0.3022719175242828,
  "sharpe": 1.2309412749383313,
  "sortino": 2.0264805818923013,
  "max_drawdown": -0.5900599781477718,
  "calmar": 0.6541627341438263,
  "win_rate": 0.4522779333163655,
  "avg_daily_return": 0.0014765038871227595,
  "days": 7858
}