{
  "cagr": 0.3915152967643931,
  "ann_vol": 0.28809909072876705,
  "sharpe": 1.2916480723859003,
  "sortino": 2.0763312525194473,
  "max_drawdown": -0.5796180968823875,
  "calmar": 0.6754711401701402,
  "win_rate": 0.46179233307946177,
  "avg_daily_return": 0.001476677123874789,
  "days": 7878
}