{
  "cagr": 0.34912611898377865,
  "ann_vol": 0.2871387439396434,
  "sharpe": 1.1872207009848441,
  "sortino": 1.8942707804411583,
  "max_drawdown": -0.5943591682077847,
  "calmar": 0.5873992320780119,
  "win_rate": 0.4583650672759584,
  "avg_daily_return": 0.0013527661145983237,
  "days": 7878
}