{
  "cagr": 0.36922852854033694,
  "ann_vol": 0.30781717898009614,
  "sharpe": 1.1742478913369951,
  "sortino": 1.9490418558009746,
  "max_drawdown": -0.5864960169522397,
  "calmar": 0.6295499336194204,
  "win_rate": 0.449236641221374,
  "avg_daily_return": 0.0014343399736242892,
  "days": 7860
}