{
  "cagr": 0.3554173848144553,
  "ann_vol": 0.29693474017078714,
  "sharpe": 1.1736214588927285,
  "sortino": 1.8957890018793555,
  "max_drawdown": -0.5864960169522397,
  "calmar": 0.606001361546157,
  "win_rate": 0.45261146496815285,
  "avg_daily_return": 0.0013828927895785837,
  "days": 7850
}