{
  "cagr": 0.35603071561667465,
  "ann_vol": 0.306193030498699,
  "sharpe": 1.147233334671045,
  "sortino": 1.8996925323854388,
  "max_drawdown": -0.5864960169522397,
  "calmar": 0.6070471159664625,
  "win_rate": 0.44991727122311315,
  "avg_daily_return": 0.001393947823215346,
  "days": 7857
}