{
  "cagr": 0.35768653438294074,
  "ann_vol": 0.28736679161358764,
  "sharpe": 1.2084925522304395,
  "sortino": 1.9346496393575867,
  "max_drawdown": -0.592141798256477,
  "calmar": 0.6040555411493084,
  "win_rate": 0.45842325758537517,
  "avg_daily_return": 0.0013780977279466728,
  "days": 7877
}