{
  "cagr": 0.36315047151968405,
  "ann_vol": 0.29877534490604934,
  "sharpe": 1.18640723152859,
  "sortino": 1.941350281611847,
  "max_drawdown": -0.5864960169522399,
  "calmar": 0.619186594662341,
  "win_rate": 0.45061099796334014,
  "avg_daily_return": 0.001406623927848489,
  "days": 7856
}