{
  "cagr": 0.38958244004734666,
  "ann_vol": 0.31317623682653484,
  "sharpe": 1.206425096428036,
  "sortino": 2.0115935186600846,
  "max_drawdown": -0.5864960169522397,
  "calmar": 0.6642541957434497,
  "win_rate": 0.45143656242054414,
  "avg_daily_return": 0.0014993002846490995,
  "days": 7866
}