{
  "cagr": 0.3825428191885829,
  "ann_vol": 0.30128729293006856,
  "sharpe": 1.2257211043180687,
  "sortino": 2.0139088818772555,
  "max_drawdown": -0.5872913465561432,
  "calmar": 0.6513680500007384,
  "win_rate": 0.4540134842895306,
  "avg_daily_return": 0.0014654531485186618,
  "days": 7861
}