{
  "cagr": 0.3844603184173685,
  "ann_vol": 0.28810586578491265,
  "sharpe": 1.2739429381837646,
  "sortino": 2.050196417020031,
  "max_drawdown": -0.5790259290685362,
  "calmar": 0.6639777238229032,
  "win_rate": 0.4624761904761905,
  "avg_daily_return": 0.0014564699729612384,
  "days": 7875
}