{
  "cagr": 0.3829996839537697,
  "ann_vol": 0.3018654109981508,
  "sharpe": 1.2248375850947366,
  "sortino": 2.0264080021873094,
  "max_drawdown": -0.5866614185454588,
  "calmar": 0.652846210516726,
  "win_rate": 0.45339954163483576,
  "avg_daily_return": 0.0014672067501986063,
  "days": 7854
}