{
  "cagr": 0.39362840072834837,
  "ann_vol": 0.2996512359419576,
  "sharpe": 1.2570964590328888,
  "sortino": 2.081669454716078,
  "max_drawdown": -0.5872913465561436,
  "calmar": 0.6702438287854433,
  "win_rate": 0.4545917069447978,
  "avg_daily_return": 0.0014948036018548386,
  "days": 7862
}