{
  "cagr": 0.3716199776665541,
  "ann_vol": 0.28783003933696455,
  "sharpe": 1.2425617996059146,
  "sortino": 1.9902534265759866,
  "max_drawdown": -0.5796180968823874,
  "calmar": 0.64114626452383,
  "win_rate": 0.460756921513843,
  "avg_daily_return": 0.0014192325860274005,
  "days": 7874
}