{
  "cagr": 0.3744241669005579,
  "ann_vol": 0.2867761925560041,
  "sharpe": 1.2531910077515234,
  "sortino": 2.0087623205659546,
  "max_drawdown": -0.5964861951080109,
  "calmar": 0.6277163997613686,
  "win_rate": 0.45963442498095963,
  "avg_daily_return": 0.0014261323244773706,
  "days": 7878
}