{
  "cagr": 0.3733274292140689,
  "ann_vol": 0.2868261646036572,
  "sharpe": 1.250288418290036,
  "sortino": 1.9996634285125208,
  "max_drawdown": -0.5871847685525,
  "calmar": 0.6357920865937615,
  "win_rate": 0.4591953293565173,
  "avg_daily_return": 0.0014230771098664749,
  "days": 7879
}