{
  "cagr": 0.37510963851026036,
  "ann_vol": 0.2993996824898042,
  "sharpe": 1.2134044938857353,
  "sortino": 2.0019319068709325,
  "max_drawdown": -0.5864960169522397,
  "calmar": 0.6395774696979856,
  "win_rate": 0.45290224032586557,
  "avg_daily_return": 0.0014416385723029876,
  "days": 7856
}