{
  "cagr": 0.41916029093716545,
  "ann_vol": 0.31096288646407816,
  "sharpe": 1.2803056178085783,
  "sortino": 2.154360578244324,
  "max_drawdown": -0.5972852146849872,
  "calmar": 0.7017757691494738,
  "win_rate": 0.451641639093917,
  "avg_daily_return": 0.001579871152739105,
  "days": 7858
}