{
  "cagr": 0.3924997280345588,
  "ann_vol": 0.28824346617826774,
  "sharpe": 1.2936609798936745,
  "sortino": 2.0741934874319448,
  "max_drawdown": -0.5869368158397175,
  "calmar": 0.668725691492053,
  "win_rate": 0.4633743811095595,
  "avg_daily_return": 0.0014797195433518381,
  "days": 7877
}