{
  "cagr": 0.35310504198335413,
  "ann_vol": 0.2991194614625776,
  "sharpe": 1.1605586220065434,
  "sortino": 1.9014030771442054,
  "max_drawdown": -0.5864960169522395,
  "calmar": 0.6020587212480741,
  "win_rate": 0.45170744138634045,
  "avg_daily_return": 0.0013775621826538557,
  "days": 7848
}