{
  "cagr": 0.41244566922121284,
  "ann_vol": 0.30430160192231387,
  "sharpe": 1.2863590308671715,
  "sortino": 2.1469635162259215,
  "max_drawdown": -0.6066345026935791,
  "calmar": 0.6798915448921404,
  "win_rate": 0.453954910202522,
  "avg_daily_return": 0.001553337753017999,
  "days": 7851
}