{
  "cagr": 0.3990181522359588,
  "ann_vol": 0.2881925044878869,
  "sharpe": 1.3099399611928697,
  "sortino": 2.108440799294519,
  "max_drawdown": -0.60602616703491,
  "calmar": 0.6584173653560631,
  "win_rate": 0.4600837669755045,
  "avg_daily_return": 0.0014980749133560838,
  "days": 7879
}