{
  "cagr": 0.37718578153723503,
  "ann_vol": 0.29732233914534406,
  "sharpe": 1.2251895133338004,
  "sortino": 2.0084691743315,
  "max_drawdown": -0.5866614185454588,
  "calmar": 0.6429360609266108,
  "win_rate": 0.45134997452878245,
  "avg_daily_return": 0.0014455405238896846,
  "days": 7852
}