{
  "cagr": 0.3893929897717423,
  "ann_vol": 0.2995740078175777,
  "sharpe": 1.2474700488125479,
  "sortino": 2.0551818301447815,
  "max_drawdown": -0.6048166009335587,
  "calmar": 0.6438199433856455,
  "win_rate": 0.4564553093964859,
  "avg_daily_return": 0.0014829746118054253,
  "days": 7854
}