{
  "cagr": 0.39178331309197767,
  "ann_vol": 0.3034500751630653,
  "sharpe": 1.2407247175662968,
  "sortino": 2.05613570535034,
  "max_drawdown": -0.5902240854423482,
  "calmar": 0.6637874033865503,
  "win_rate": 0.4551012609858617,
  "avg_daily_return": 0.0014940397175470697,
  "days": 7851
}