{
  "cagr": 0.38639095603119955,
  "ann_vol": 0.3089571990082426,
  "sharpe": 1.2111786272383873,
  "sortino": 2.023114912981902,
  "max_drawdown": -0.592861929365105,
  "calmar": 0.6517385193631595,
  "win_rate": 0.4520234156273861,
  "avg_daily_return": 0.0014849299848787591,
  "days": 7858
}