{
  "cagr": 0.37370848180369154,
  "ann_vol": 0.29714898720349436,
  "sharpe": 1.218242443784763,
  "sortino": 1.9628866508335117,
  "max_drawdown": -0.5900599781477716,
  "calmar": 0.6333398224647968,
  "win_rate": 0.4541629478515874,
  "avg_daily_return": 0.0014365059855487746,
  "days": 7843
}