{
  "cagr": 0.397108018370262,
  "ann_vol": 0.3064220710447048,
  "sharpe": 1.2438350042646118,
  "sortino": 2.0835732031046743,
  "max_drawdown": -0.587291346556143,
  "calmar": 0.6761686864601194,
  "win_rate": 0.45226578411405294,
  "avg_daily_return": 0.0015124543573984397,
  "days": 7856
}