{
  "cagr": 0.3955505480812631,
  "ann_vol": 0.28786331789045533,
  "sharpe": 1.3025548470346717,
  "sortino": 2.0946620511884047,
  "max_drawdown": -0.5796180968823874,
  "calmar": 0.6824330541244743,
  "win_rate": 0.46088392176784354,
  "avg_daily_return": 0.0014879276191363986,
  "days": 7874
}