{
  "cagr": 0.40268921714120554,
  "ann_vol": 0.3034027083289407,
  "sharpe": 1.2669596512618302,
  "sortino": 2.0903495398050103,
  "max_drawdown": -0.5866614185454588,
  "calmar": 0.6864082150478117,
  "win_rate": 0.4555513162914918,
  "avg_daily_return": 0.0015253928157001658,
  "days": 7863
}