{
  "cagr": 0.36659698211193725,
  "ann_vol": 0.2869812196273945,
  "sharpe": 1.2325492065269796,
  "sortino": 1.977344383450036,
  "max_drawdown": -0.5870194450023818,
  "calmar": 0.6245056875593785,
  "win_rate": 0.46120634920634923,
  "avg_daily_return": 0.0014036447403153016,
  "days": 7875
}