{
  "cagr": 0.38052337696248917,
  "ann_vol": 0.2981377776333938,
  "sharpe": 1.2307862276359705,
  "sortino": 2.021110417452037,
  "max_drawdown": -0.5866614185454588,
  "calmar": 0.6486251949309044,
  "win_rate": 0.45414012738853504,
  "avg_daily_return": 0.0014561264709075975,
  "days": 7850
}