{
  "cagr": 0.3604857392981051,
  "ann_vol": 0.3012667303205696,
  "sharpe": 1.172535424111919,
  "sortino": 1.920796953093696,
  "max_drawdown": -0.5866614185454588,
  "calmar": 0.6144698251878857,
  "win_rate": 0.4472579208550706,
  "avg_daily_return": 0.0014017694977216412,
  "days": 7859
}