{
  "cagr": 0.40892352374910823,
  "ann_vol": 0.3118673998084305,
  "sharpe": 1.2545082535093617,
  "sortino": 2.0976453469898764,
  "max_drawdown": -0.5922082535693033,
  "calmar": 0.6905062894420702,
  "win_rate": 0.454060236370568,
  "avg_daily_return": 0.001552540583651169,
  "days": 7869
}