{
  "cagr": 0.39078561125912503,
  "ann_vol": 0.3031656835618316,
  "sharpe": 1.2392004072489653,
  "sortino": 2.058692181228482,
  "max_drawdown": -0.5902240854423485,
  "calmar": 0.6620970253463097,
  "win_rate": 0.4516745192919903,
  "avg_daily_return": 0.0014908057085452552,
  "days": 7853
}