{
  "cagr": 0.34722653334631803,
  "ann_vol": 0.3031838486222237,
  "sharpe": 1.1344684344008313,
  "sortino": 1.8613588548633937,
  "max_drawdown": -0.5864960169522397,
  "calmar": 0.5920356205498217,
  "win_rate": 0.44842935266437745,
  "avg_daily_return": 0.001364890897222547,
  "days": 7863
}