{
  "cagr": 0.3817552357978049,
  "ann_vol": 0.28814500790823555,
  "sharpe": 1.2671404499509025,
  "sortino": 2.0282297055715373,
  "max_drawdown": -0.5869368158397172,
  "calmar": 0.6504196456847511,
  "win_rate": 0.4609037826859609,
  "avg_daily_return": 0.001448889662666917,
  "days": 7878
}