{
  "cagr": 0.3814381759811363,
  "ann_vol": 0.30735036479665606,
  "sharpe": 1.2043100820600816,
  "sortino": 2.007948206366066,
  "max_drawdown": -0.5930249149818523,
  "calmar": 0.6432076736486004,
  "win_rate": 0.4499618029029794,
  "avg_daily_return": 0.0014688299328118042,
  "days": 7854
}