{
  "cagr": 0.39830116803900184,
  "ann_vol": 0.2883979218266759,
  "sharpe": 1.307456958592796,
  "sortino": 2.1075909286345835,
  "max_drawdown": -0.5847446667230436,
  "calmar": 0.6811539988404064,
  "win_rate": 0.45994668020820106,
  "avg_daily_return": 0.001496301070463269,
  "days": 7877
}