{
  "cagr": 0.367565482039091,
  "ann_vol": 0.30453823184191336,
  "sharpe": 1.1797680423189167,
  "sortino": 1.9485260535998852,
  "max_drawdown": -0.5864960169522397,
  "calmar": 0.6267143704558578,
  "win_rate": 0.45222038427280825,
  "avg_daily_return": 0.0014257320381354233,
  "days": 7859
}