{
  "cagr": 0.37570268836076526,
  "ann_vol": 0.2992769377858392,
  "sharpe": 1.2151482595848215,
  "sortino": 2.0109785611446833,
  "max_drawdown": -0.5864960169522397,
  "calmar": 0.6405886442556351,
  "win_rate": 0.45236882322975036,
  "avg_daily_return": 0.0014431184527921716,
  "days": 7852
}