{
  "cagr": 0.40115445029836083,
  "ann_vol": 0.28840105745500466,
  "sharpe": 1.314578857859826,
  "sortino": 2.1114947558470054,
  "max_drawdown": -0.5814907702359802,
  "calmar": 0.6898724293346301,
  "win_rate": 0.4655325631585629,
  "avg_daily_return": 0.0015044679870461679,
  "days": 7877
}