{
  "cagr": 0.4008125837044507,
  "ann_vol": 0.29961086589219965,
  "sharpe": 1.2743865668116832,
  "sortino": 2.115266030863839,
  "max_drawdown": -0.5895966997957252,
  "calmar": 0.6798080515771516,
  "win_rate": 0.45304148638330366,
  "avg_daily_return": 0.0015151589793018499,
  "days": 7858
}