{
  "cagr": 0.3853745609574979,
  "ann_vol": 0.28663094681966256,
  "sharpe": 1.281467918102683,
  "sortino": 2.0481269178289625,
  "max_drawdown": -0.5976803662401673,
  "calmar": 0.6447837050123911,
  "win_rate": 0.4621731403909622,
  "avg_daily_return": 0.0014575728678775256,
  "days": 7878
}