{
  "cagr": 0.36641909221737823,
  "ann_vol": 0.2976622770805918,
  "sharpe": 1.1972353993764209,
  "sortino": 1.9963421689241683,
  "max_drawdown": -0.5866614185454588,
  "calmar": 0.6245835854109185,
  "win_rate": 0.45067007019783023,
  "avg_daily_return": 0.0014141738698368357,
  "days": 7835
}