{
  "cagr": 0.3755200320333745,
  "ann_vol": 0.30155606797177203,
  "sharpe": 1.207899122823231,
  "sortino": 1.9939585601087697,
  "max_drawdown": -0.5864960169522397,
  "calmar": 0.6402772076522972,
  "win_rate": 0.45185090955349194,
  "avg_daily_return": 0.0014454337698583367,
  "days": 7861
}