{
  "cagr": 0.36778995916384116,
  "ann_vol": 0.298661637389678,
  "sharpe": 1.1977207052993764,
  "sortino": 1.979272272976818,
  "max_drawdown": -0.5864960169522396,
  "calmar": 0.627097113250799,
  "win_rate": 0.4518141311266709,
  "avg_daily_return": 0.0014194969325366862,
  "days": 7855
}