{
  "cagr": 0.3690743164374335,
  "ann_vol": 0.2871991163739155,
  "sharpe": 1.2381976549980778,
  "sortino": 1.9790581435310806,
  "max_drawdown": -0.5815017120168109,
  "calmar": 0.634691710807489,
  "win_rate": 0.46045448774914305,
  "avg_daily_return": 0.0014111479064736424,
  "days": 7877
}