{
  "cagr": 0.4006462756160305,
  "ann_vol": 0.28792944199759124,
  "sharpe": 1.3149367211227267,
  "sortino": 2.117063355310761,
  "max_drawdown": -0.5796180968823874,
  "calmar": 0.6912245800657381,
  "win_rate": 0.46527865938809193,
  "avg_daily_return": 0.0015024166523646145,
  "days": 7877
}