{
  "cagr": 0.4083989854040704,
  "ann_vol": 0.3012264106203048,
  "sharpe": 1.2871683529111797,
  "sortino": 2.131141828563635,
  "max_drawdown": -0.6041079785886907,
  "calmar": 0.6760364038862172,
  "win_rate": 0.4542101246502162,
  "avg_daily_return": 0.0015386075509203076,
  "days": 7862
}