{
  "cagr": 0.3874570283740293,
  "ann_vol": 0.2890639192067157,
  "sharpe": 1.2782651015514106,
  "sortino": 2.0474972934638345,
  "max_drawdown": -0.5796180968823872,
  "calmar": 0.6684695154586415,
  "win_rate": 0.4609037826859609,
  "avg_daily_return": 0.0014662711113488608,
  "days": 7878
}