{
  "cagr": 0.4114291017391447,
  "ann_vol": 0.3045578103136634,
  "sharpe": 1.283156106822735,
  "sortino": 2.142330563668495,
  "max_drawdown": -0.6067919748702426,
  "calmar": 0.6780397875682608,
  "win_rate": 0.45364238410596025,
  "avg_daily_return": 0.0015507746595432809,
  "days": 7852
}