{
  "cagr": 0.37168338230877573,
  "ann_vol": 0.2889260441804821,
  "sharpe": 1.2390905075517125,
  "sortino": 1.983594330991146,
  "max_drawdown": -0.5871847685525002,
  "calmar": 0.6329922065673328,
  "win_rate": 0.4600837669755045,
  "avg_daily_return": 0.001420656820429254,
  "days": 7879
}