{
  "cagr": 0.38480859742356244,
  "ann_vol": 0.30533492985515387,
  "sharpe": 1.2180870221111946,
  "sortino": 2.0349104684661885,
  "max_drawdown": -0.6069190286855398,
  "calmar": 0.6340361386542414,
  "win_rate": 0.45276541640178003,
  "avg_daily_return": 0.001475890934417188,
  "days": 7865
}