{
  "cagr": 0.3961688408640074,
  "ann_vol": 0.28788803506003774,
  "sharpe": 1.3040431714561354,
  "sortino": 2.0932439450689584,
  "max_drawdown": -0.5796180968823876,
  "calmar": 0.6834997785522825,
  "win_rate": 0.46203656678517013,
  "avg_daily_return": 0.0014897556598597922,
  "days": 7876
}