{
  "cagr": 0.36645223771314206,
  "ann_vol": 0.30116810590499804,
  "sharpe": 1.1871604405213303,
  "sortino": 1.957516799849794,
  "max_drawdown": -0.5858587946791014,
  "calmar": 0.6254958379755361,
  "win_rate": 0.452577975811585,
  "avg_daily_return": 0.0014187891321269747,
  "days": 7855
}