{
  "cagr": 0.39502810496218776,
  "ann_vol": 0.31292296592129265,
  "sharpe": 1.219248364716264,
  "sortino": 2.0524071360498146,
  "max_drawdown": -0.5922082535693034,
  "calmar": 0.6670425523138365,
  "win_rate": 0.45190839694656487,
  "avg_daily_return": 0.0015140111686549767,
  "days": 7860
}