{
  "cagr": 0.36786593442976145,
  "ann_vol": 0.29591351118404113,
  "sharpe": 1.2075231911800908,
  "sortino": 1.9610088385654323,
  "max_drawdown": -0.5864960169522399,
  "calmar": 0.6272266542258852,
  "win_rate": 0.45019108280254777,
  "avg_daily_return": 0.0014179461403072524,
  "days": 7850
}