{
  "cagr": 0.3894931955125338,
  "ann_vol": 0.28881845983176047,
  "sharpe": 1.2841878683111143,
  "sortino": 2.060069094162927,
  "max_drawdown": -0.5891605841401593,
  "calmar": 0.6610985289875989,
  "win_rate": 0.45975114271203654,
  "avg_daily_return": 0.0014718141360342597,
  "days": 7876
}