{
  "cagr": 0.38894978661868773,
  "ann_vol": 0.2958938671198183,
  "sharpe": 1.2579479963989537,
  "sortino": 2.095625358999768,
  "max_drawdown": -0.5862951165736596,
  "calmar": 0.6634027397187466,
  "win_rate": 0.4528205781230103,
  "avg_daily_return": 0.0014770599099606465,
  "days": 7853
}