{
  "cagr": 0.3909251617704923,
  "ann_vol": 0.30653901016017626,
  "sharpe": 1.2290319019792173,
  "sortino": 2.050621854766128,
  "max_drawdown": -0.5928619293651051,
  "calmar": 0.6593865154895904,
  "win_rate": 0.45091048007131035,
  "avg_daily_return": 0.0014950246932837234,
  "days": 7853
}