{
  "cagr": 0.37291657415649815,
  "ann_vol": 0.2878532180039967,
  "sharpe": 1.2457803435391526,
  "sortino": 1.9927508087141166,
  "max_drawdown": -0.5796180968823874,
  "calmar": 0.6433832486637631,
  "win_rate": 0.4600050787201625,
  "avg_daily_return": 0.0014230233366414513,
  "days": 7876
}