{
  "cagr": 0.38672438410609344,
  "ann_vol": 0.2876748761379003,
  "sharpe": 1.281191457352066,
  "sortino": 2.051200745689746,
  "max_drawdown": -0.5796180968823872,
  "calmar": 0.6672055033929787,
  "win_rate": 0.46173372255362355,
  "avg_daily_return": 0.0014625658485040863,
  "days": 7879
}