{
  "cagr": 0.39671071092645493,
  "ann_vol": 0.28817151726651924,
  "sharpe": 1.3043292862480196,
  "sortino": 2.0986116846110687,
  "max_drawdown": -0.5869368158397175,
  "calmar": 0.6759001995110662,
  "win_rate": 0.462739621683382,
  "avg_daily_return": 0.0014915497994204502,
  "days": 7877
}