{
  "cagr": 0.3844108926725711,
  "ann_vol": 0.28792153983910546,
  "sharpe": 1.2744958556365613,
  "sortino": 2.046351126237624,
  "max_drawdown": -0.5796180968823874,
  "calmar": 0.6632140969031431,
  "win_rate": 0.4631017401244761,
  "avg_daily_return": 0.00145616987814948,
  "days": 7873
}