{
  "cagr": 0.38299636214623334,
  "ann_vol": 0.28766614189918854,
  "sharpe": 1.2719157224399933,
  "sortino": 2.034232814205988,
  "max_drawdown": -0.5796180968823874,
  "calmar": 0.6607736442431138,
  "win_rate": 0.4588145703769514,
  "avg_daily_return": 0.001451932891727869,
  "days": 7879
}