{
  "cagr": 0.3510159275754108,
  "ann_vol": 0.2874005375620815,
  "sharpe": 1.191263022255784,
  "sortino": 1.902931305396268,
  "max_drawdown": -0.587019445002382,
  "calmar": 0.597963032679414,
  "win_rate": 0.4627112183966459,
  "avg_daily_return": 0.0013586096547343366,
  "days": 7871
}