{
  "cagr": 0.3587035936611782,
  "ann_vol": 0.3008357786331992,
  "sharpe": 1.1694013267663927,
  "sortino": 1.9173690537624957,
  "max_drawdown": -0.5864960169522397,
  "calmar": 0.611604483735801,
  "win_rate": 0.45092297899427114,
  "avg_daily_return": 0.001396022851948522,
  "days": 7855
}