{
  "cagr": 0.4145656221596894,
  "ann_vol": 0.31017148028292607,
  "sharpe": 1.2722781191580725,
  "sortino": 2.139764047406703,
  "max_drawdown": -0.6011358049589479,
  "calmar": 0.6896372146523537,
  "win_rate": 0.4549039562396642,
  "avg_daily_return": 0.0015659697919485438,
  "days": 7861
}