{
  "cagr": 0.36129728074986645,
  "ann_vol": 0.2879452856535523,
  "sharpe": 1.215894679514409,
  "sortino": 1.9478400084636396,
  "max_drawdown": -0.5869368158397177,
  "calmar": 0.6155641816964,
  "win_rate": 0.459545281341293,
  "avg_daily_return": 0.0013893299239552087,
  "days": 7873
}