{
  "cagr": 0.37925941467787694,
  "ann_vol": 0.29995659256473955,
  "sharpe": 1.2218404174036657,
  "sortino": 2.013248385281888,
  "max_drawdown": -0.5900599781477718,
  "calmar": 0.642747226931729,
  "win_rate": 0.4530175706646295,
  "avg_daily_return": 0.0014543614614352333,
  "days": 7854
}