{
  "cagr": 0.37092875010118553,
  "ann_vol": 0.286921962043281,
  "sharpe": 1.2438695847750354,
  "sortino": 1.9865956648696461,
  "max_drawdown": -0.5871847685525,
  "calmar": 0.6317070366378567,
  "win_rate": 0.4616751269035533,
  "avg_daily_return": 0.0014162440547990482,
  "days": 7880
}