{
  "cagr": 0.3911311183974362,
  "ann_vol": 0.2895484386737873,
  "sharpe": 1.2856845396858414,
  "sortino": 2.065998631867679,
  "max_drawdown": -0.5869368158397175,
  "calmar": 0.6663939078993598,
  "win_rate": 0.46305231081767395,
  "avg_daily_return": 0.0014772537742598092,
  "days": 7876
}