{
  "cagr": 0.37780224386864103,
  "ann_vol": 0.2877333144807087,
  "sharpe": 1.258503551305796,
  "sortino": 2.0210817448702616,
  "max_drawdown": -0.5789417005629479,
  "calmar": 0.6525739007939416,
  "win_rate": 0.4594285714285714,
  "avg_daily_return": 0.0014369579290592755,
  "days": 7875
}