{
  "cagr": 0.3752771112709681,
  "ann_vol": 0.28742141423280737,
  "sharpe": 1.2532070909689872,
  "sortino": 2.0069534379703167,
  "max_drawdown": -0.5815017120168112,
  "calmar": 0.6453585664767894,
  "win_rate": 0.45830689173753014,
  "avg_daily_return": 0.001429359342987233,
  "days": 7879
}