{
  "cagr": 0.37727383845616713,
  "ann_vol": 0.28719398086058906,
  "sharpe": 1.2590203396526616,
  "sortino": 2.0117217287847526,
  "max_drawdown": -0.5976803662401673,
  "calmar": 0.6312301018510725,
  "win_rate": 0.46089385474860334,
  "avg_daily_return": 0.0014348534259892266,
  "days": 7876
}