{
  "cagr": 0.3918919765465132,
  "ann_vol": 0.28697035840376145,
  "sharpe": 1.2965280539404112,
  "sortino": 2.083811076542792,
  "max_drawdown": -0.5796180968823876,
  "calmar": 0.6761210159834492,
  "win_rate": 0.46134315094579154,
  "avg_daily_return": 0.001476448890239654,
  "days": 7877
}