{
  "cagr": 0.40633312253920106,
  "ann_vol": 0.299921976314182,
  "sharpe": 1.2864813438678748,
  "sortino": 2.1390859528799506,
  "max_drawdown": -0.5862951165736594,
  "calmar": 0.693052203664656,
  "win_rate": 0.45404786150712834,
  "avg_daily_return": 0.0015311270919230156,
  "days": 7856
}