{
  "cagr": 0.4145070875693828,
  "ann_vol": 0.30909027709437636,
  "sharpe": 1.2754500256682164,
  "sortino": 2.1537456309121894,
  "max_drawdown": -0.6061606642970473,
  "calmar": 0.6838237978541194,
  "win_rate": 0.45567849421340456,
  "avg_daily_return": 0.0015644015947383553,
  "days": 7863
}