{
  "cagr": 0.3712031681207104,
  "ann_vol": 0.28762634556594746,
  "sharpe": 1.2421751935907794,
  "sortino": 1.9901394269500072,
  "max_drawdown": -0.5870194450023818,
  "calmar": 0.6323524225321093,
  "win_rate": 0.4622222222222222,
  "avg_daily_return": 0.001417786950416302,
  "days": 7875
}