{
  "cagr": 0.36966024812496423,
  "ann_vol": 0.28774222061596766,
  "sharpe": 1.2379058405820702,
  "sortino": 1.977325120578688,
  "max_drawdown": -0.5903836850978428,
  "calmar": 0.6261356088518967,
  "win_rate": 0.4592432706957847,
  "avg_daily_return": 0.001413483236119889,
  "days": 7876
}