{
  "cagr": 0.33979996187711436,
  "ann_vol": 0.29977179382880126,
  "sharpe": 1.125429722181848,
  "sortino": 1.8531229881683644,
  "max_drawdown": -0.5864960169522397,
  "calmar": 0.5793730086061017,
  "win_rate": 0.4521019108280255,
  "avg_daily_return": 0.0013387781216847921,
  "days": 7850
}