{
  "cagr": 0.3678486657452624,
  "ann_vol": 0.30847057915864884,
  "sharpe": 1.168958729055157,
  "sortino": 1.9468900150469322,
  "max_drawdown": -0.5928619293651047,
  "calmar": 0.6204626195836039,
  "win_rate": 0.45093547155402824,
  "avg_daily_return": 0.0014309102229474562,
  "days": 7857
}