{
  "cagr": 0.3935773073150812,
  "ann_vol": 0.3147108477309409,
  "sharpe": 1.211025647517765,
  "sortino": 2.0246346623524407,
  "max_drawdown": -0.5864960169522397,
  "calmar": 0.6710656098916551,
  "win_rate": 0.4534011443102352,
  "avg_daily_return": 0.001512392492751793,
  "days": 7865
}