{
  "cagr": 0.39156894590311064,
  "ann_vol": 0.2875375444206394,
  "sharpe": 1.2937962052273235,
  "sortino": 2.0757853898203993,
  "max_drawdown": -0.5796180968823874,
  "calmar": 0.6755636996312857,
  "win_rate": 0.4622222222222222,
  "avg_daily_return": 0.0014762499359220018,
  "days": 7875
}