{
  "cagr": 0.40806799195462795,
  "ann_vol": 0.3055764067565218,
  "sharpe": 1.2722461315675617,
  "sortino": 2.1209549427054672,
  "max_drawdown": -0.5928025071461228,
  "calmar": 0.6883708942446177,
  "win_rate": 0.4525927808845958,
  "avg_daily_return": 0.0015427317516448287,
  "days": 7868
}