{
  "cagr": 0.4373992236820903,
  "ann_vol": 0.3114356618420102,
  "sharpe": 1.3198311255168222,
  "sortino": 2.226118962001686,
  "max_drawdown": -0.6066345026935787,
  "calmar": 0.7210259583652927,
  "win_rate": 0.4553900980017819,
  "avg_daily_return": 0.0016311209528411445,
  "days": 7857
}